code,name,best_ma,h_floor
600002,齐鲁石化,55,10.03
600000,浦发银行,180,11.6
600008,首创环保,250,3.14
600007,中国国贸,140,19.87
600004,白云机场,35,9.6
600011,华能国际,130,7.38
600010,包钢股份,230,2.37
600012,皖通高速,150,14.44
600009,上海机场,30,31.73
600006,东风股份,30,6.91
600005,武钢股份,190,2.92
600001,邯郸钢铁,45,5.62
600015,华夏银行,190,6.74
600017,日照港,220,3.02
600016,民生银行,195,3.87
600023,浙能电力,45,5.15
600021,上海电力,240,20.14
600020,中原高速,225,4.06
600022,山东钢铁,175,1.51
600018,上港集团,95,5.51
600019,宝钢股份,250,7.16
600026,中远海能,225,11.61
600028,中国石化,200,5.94
600025,华能水电,60,9.13
600027,华电国际,35,5.21
600029,南方航空,85,5.74
600030,中信证券,250,28.18
600031,三一重工,195,20.65
600032,浙江新能,210,7.27
600033,福建高速,120,3.76
600035,楚天高速,30,4.01
600038,中直股份,35,36.0
600039,四川路桥,230,9.91
600036,招商银行,160,39.72
600037,歌华有线,55,7.46
600053,九鼎投资,120,18.79
600054,黄山旅游,65,11.28
600048,保利发展,225,6.22
600050,中国联通,240,5.42
600052,东望时代,40,4.74
600051,宁波联合,220,7.56
600056,中国医药,30,10.61
600055,万东医疗,170,15.92
600057,厦门象屿,250,8.32
600059,古越龙山,190,9.09
600058,五矿发展,175,9.15
600060,海信视像,235,24.22
600061,国投资本,245,7.56
600062,华润双鹤,35,18.55
600063,皖维高新,225,5.9
600067,冠城新材,210,4.13
600064,南京高科,250,8.38
600068,葛洲坝,250,7.05
600066,宇通客车,235,32.08
600072,中船科技,205,12.06
600073,光明肉业,250,6.68
600071,凤凰光学,160,21.06
600076,康欣新材,165,3.59
600078,澄星股份,230,9.96
600075,新疆天业,235,4.72
600080,金花股份,205,7.81
600084,中信尼雅,30,5.67
600081,东风科技,175,11.84
600085,同仁堂,245,33.38
600088,中视传媒,90,16.47
600089,特变电工,165,27.54
600096,云天化,245,30.47
600094,大名城,240,4.22
600099,林海股份,245,10.4
600101,明星电力,165,9.17
600100,同方股份,215,8.8
600097,开创国际,185,11.84
600095,湘财股份,210,11.22
600098,广州发展,220,6.77
600102,莱钢股份,135,7.11
600105,永鼎股份,160,26.92
600104,上汽集团,85,14.01
600103,青山纸业,145,3.69
600106,重庆路桥,30,6.27
600109,国金证券,150,9.13
600108,亚盛集团,205,3.1
600110,诺德股份,245,7.38
600113,浙江东日,250,46.23
600114,东睦股份,245,29.67
600116,三峡水利,190,6.45
600117,西宁特钢,145,2.87
600111,北方稀土,200,46.84
600115,中国东航,70,5.21
600118,中国卫星,235,42.01
600120,浙江东方,220,6.63
600121,郑州煤电,245,4.47
600119,长江投资,45,7.98
600123,兰花科创,205,5.93
600125,铁龙物流,35,6.44
600126,杭钢股份,240,9.02
600127,金健米业,35,6.84
600128,苏豪弘业,200,10.9
600131,国网信通,85,18.28
600132,重庆啤酒,200,52.76
600129,太极集团,205,16.75
600135,乐凯胶片,200,7.67
600138,中青旅,245,9.69
600133,东湖高新,30,8.86
600137,浪莎股份,225,19.69
600141,兴发集团,230,32.04
600143,金发科技,245,16.98
600149,廊坊发展,245,5.2
600150,中国船舶,105,34.3
600151,航天机电,250,8.58
600148,长春一东,250,19.75
600152,维科技术,230,6.69
600153,建发股份,205,9.14
600157,永泰能源,155,1.62
600156,华升股份,225,8.68
600155,华创云信,130,6.81
600158,中体产业,200,8.71
600159,大龙地产,60,3.09
600161,天坛生物,250,16.29
600162,香江控股,75,1.89
600160,巨化股份,240,34.77
600163,中闽能源,30,5.73
600166,福田汽车,175,2.87
600167,联美控股,215,6.97
600168,武汉控股,205,5.23
600172,黄河旋风,210,6.07
600171,上海贝岭,250,31.33
600170,上海建工,150,2.74
600176,中国巨石,235,15.29
600173,卧龙新能,245,7.05
600178,东安动力,50,12.43
600177,雅戈尔,105,7.43
600182,S佳通,40,14.87
600180,瑞茂通,90,3.73
600179,安通控股,215,4.44
600183,生益科技,220,63.82
600185,珠免集团,120,6.72
600186,莲花控股,175,5.8
600184,光电股份,225,18.71
600187,国中水务,175,2.54
600188,兖矿能源,170,13.81
600189,泉阳泉,35,7.08
600191,华资实业,205,12.57
600192,长城电工,245,8.31
600198,大唐电信,155,8.15
600195,中牧股份,30,7.89
600197,伊力特,60,14.12
600199,金种子酒,40,9.75
600196,复星医药,185,27.09
600201,生物股份,190,14.96
600202,哈空调,155,5.93
600203,福日电子,210,11.72
600205,S山东铝,225,15.46
600208,衢州发展,250,3.87
600207,安彩高科,90,5.06
600206,有研新材,205,20.26
600210,紫江企业,225,7.31
600211,西藏药业,250,41.72
600218,全柴动力,170,10.33
600217,中再资环,180,4.17
600215,派斯林,30,7.73
600216,浙江医药,95,13.92
600212,绿能慧充,245,8.07
600222,太龙药业,190,6.54
600221,海航控股,145,1.76
600223,福瑞达,160,7.32
600226,亨通股份,195,4.19
600219,南山铝业,135,6.09
600230,沧州大化,160,12.23
600231,凌钢股份,165,2.07
600227,赤天化,215,2.45
600229,城市传媒,30,5.99
600233,圆通速递,190,16.98
600232,金鹰股份,215,8.53
600234,科新发展,115,13.94
600235,民丰特纸,240,6.7
600236,桂冠电力,235,6.76
600237,铜峰电子,250,8.92
600239,云南城投,190,2.39
600241,时代万恒,235,8.36
600250,南京商旅,45,11.41
600248,陕建股份,195,3.59
600246,万通发展,115,11.87
600249,两面针,150,5.9
600252,中恒集团,85,2.76
600251,冠农股份,95,8.86
600256,广汇能源,215,4.99
600253,天方药业,240,6.22
600255,鑫科材料,210,3.94
600257,大湖股份,215,6.34
600258,首旅酒店,185,15.07
600259,XD中稀有,220,52.1
600261,阳光照明,190,3.65
600262,北方股份,200,25.22
600263,路桥建设,245,14.35
600269,赣粤高速,120,4.92
600267,海正药业,250,10.46
600266,城建发展,60,5.05
600268,国电南自,250,10.33
600270,外运发展,230,20.12
600271,航天信息,50,8.33
600273,嘉化能源,250,8.27
600272,开开实业,250,13.83
600279,重庆港,245,5.44
600278,东方创业,245,7.32
600276,恒瑞医药,195,56.24
600281,华阳新材,225,6.07
600280,中央商场,135,3.32
600282,南钢股份,250,5.23
600283,钱江水利,210,9.25
600284,浦东建设,220,7.88
600285,羚锐制药,110,21.5
600287,苏豪时尚,215,5.63
600288,大恒科技,210,14.96
600292,电投水电,250,13.41
600293,三峡新材,30,3.17
600300,维维股份,235,3.66
600296,S兰铝,230,8.94
600297,广汇汽车,250,1.5
600299,安迪苏,185,8.89
600298,安琪酵母,250,40.42
600295,鄂尔多斯,80,11.34
600302,标准股份,175,10.48
600301,华锡有色,235,38.04
600303,曙光股份,160,3.27
600305,恒顺醋业,75,7.84
600307,酒钢宏兴,225,1.86
600310,广西能源,250,3.81
600308,华泰股份,85,3.88
600309,万华化学,125,61.18
600319,亚星化学,170,8.12
600315,上海家化,245,22.9
600313,农发种业,180,6.65
600316,洪都航空,190,34.12
600317,营口港,160,2.57
600321,正源股份,245,1.76
600320,振华重工,250,5.08
600318,新力金融,215,8.69
600322,津投城开,200,2.33
600323,瀚蓝环境,240,28.92
600325,华发股份,30,4.27
600326,西藏天路,230,10.99
600327,大东方,250,5.03
600328,中盐化工,215,8.49
600329,达仁堂,245,43.19
600332,白云山,200,25.19
600330,天通股份,210,9.66
600333,长春燃气,220,5.68
600335,国机汽车,40,6.06
600331,宏达股份,245,10.81
600337,美克家居,245,2.52
600338,西藏珠峰,205,13.94
600339,中油工程,65,3.35
600336,澳柯玛,245,7.09
600340,华夏幸福,210,1.53
600346,恒力石化,250,23.63
600343,航天动力,240,31.97
600345,长江通信,215,25.53
600351,亚宝药业,220,6.41
600348,华阳股份,150,9.15
600350,山东高速,200,9.38
600352,浙江龙盛,250,10.6
600354,敦煌种业,230,6.33
600353,旭光电子,245,15.88
600358,国旅联合,175,5.99
600356,恒丰纸业,210,8.78
600357,承德钒钛,65,7.56
600359,新农开发,180,7.05
600361,创新新材,30,4.29
600363,联创光电,200,58.94
600362,江西铜业,205,40.55
600367,红星发展,230,16.12
600366,宁波韵升,200,14.2
600368,五洲交通,250,4.02
600369,西南证券,90,4.44
600373,中文传媒,225,9.27
600370,三房巷,220,2.28
600371,万向德农,205,8.96
600372,中航机载,165,13.19
600376,首开股份,130,5.65
600375,汉马科技,175,6.06
600377,宁沪高速,170,12.1
600378,昊华科技,70,29.58
600380,健康元,55,11.66
600379,宝光股份,245,12.84
600383,金地集团,215,3.07
600382,广东明珠,175,7.0
600389,江山股份,190,23.18
600388,龙净环保,250,15.85
600386,北巴传媒,240,4.55
600390,五矿资本,145,5.51
600392,盛和资源,205,20.77
600391,航发科技,210,26.78
600396,华电辽能,195,3.02
600395,盘江股份,215,4.74
600398,海澜之家,115,6.15
600397,江钨装备,110,6.65
600399,抚顺特钢,40,5.82
600400,红豆股份,40,2.4
600403,大有能源,165,6.94
600405,动力源,130,5.21
600406,国电南瑞,190,26.8
600408,安泰集团,140,3.17
600409,三友化工,190,6.14
600410,华胜天成,170,18.14
600419,天润乳业,200,9.93
600415,小商品城,215,16.34
600418,江淮汽车,210,48.87
600420,国药现代,90,10.31
600416,湘电股份,240,14.26
600423,柳化股份,220,3.71
600422,昆药集团,45,12.4
600426,华鲁恒升,250,27.37
600428,中远海特,135,7.19
600429,三元股份,225,5.2
600433,冠豪高新,250,3.28
600425,青松建化,230,4.59
600436,片仔癀,35,171.24
600435,北方导航,200,14.04
600438,通威股份,105,18.21
600439,瑞贝卡,250,2.81
600446,金证股份,225,15.41
600444,国机通用,250,18.39
600448,华纺股份,205,3.33
600449,宁夏建材,30,12.55
600452,涪陵电力,220,9.3
600455,博通股份,235,28.14
600456,宝钛股份,250,32.49
600458,时代新材,55,13.23
600460,士兰微,245,27.97
600459,贵研铂业,165,20.99
600461,洪城环境,135,9.35
600463,空港股份,60,11.42
600467,好当家,220,2.66
600470,六国化工,250,5.99
600469,风神股份,250,6.75
600472,包头铝业,180,60.89
600468,百利电气,185,7.07
600478,科力远,240,7.66
600475,华光环能,240,17.51
600476,湘邮科技,50,17.01
600477,杭萧钢构,60,2.78
600479,千金药业,50,10.72
600482,中国动力,210,20.04
600480,凌云股份,250,11.83
600481,双良节能,145,6.43
600483,福能股份,120,9.47
600487,亨通光电,250,18.98
600488,津药药业,220,4.2
600489,中金黄金,160,21.72
600486,扬农化工,230,64.9
600491,龙元建设,200,3.32
600490,鹏欣资源,235,8.1
600495,晋西车轴,170,4.83
600493,凤竹纺织,125,7.35
600496,精工钢构,220,4.26
600497,驰宏锌锗,245,6.55
600499,科达制造,230,12.67
600498,烽火通信,220,22.53
600500,中化国际,30,4.38
600502,安徽建工,240,4.64
600501,航天晨光,230,22.29
600503,华丽家族,245,2.68
600507,方大特钢,160,5.9
600505,西昌电力,245,13.85
600506,统一股份,245,24.45
600510,黑牡丹,205,9.33
600508,上海能源,35,12.37
600509,天富能源,245,8.29
600511,国药股份,205,28.86
600513,联环药业,185,20.05
600516,方大炭素,100,5.68
600512,腾达建设,80,2.46
600517,国网英大,185,5.91
600515,海南机场,140,3.58
600518,康美药业,105,1.92
600519,贵州茅台,220,1404.65
600520,三佳科技,45,27.18
600522,中天科技,110,16.36
600521,华海药业,155,15.76
600523,贵航股份,235,14.15
600526,菲达环保,180,5.36
600527,江南高纤,250,2.27
600528,中铁工业,60,7.93
600529,山东药玻,30,20.44
600530,交大昂立,230,6.43
600531,豫光金铅,250,10.73
600533,栖霞建设,90,2.57
600537,亿晶光电,50,3.9
600535,天士力,170,15.25
600536,中国软件,240,44.92
600538,国发股份,250,6.59
600540,新赛股份,100,4.73
600539,狮头股份,210,10.76
600543,莫高股份,70,5.47
600545,卓郎智能,90,2.56
600546,山煤国际,250,10.21
600550,保变电气,240,9.28
600548,深高速,145,8.96
600551,时代出版,50,8.62
600549,厦门钨业,225,34.63
600552,凯盛科技,125,11.24
600553,太行水泥,230,10.77
600547,山东黄金,120,36.3
600557,康缘药业,40,14.93
600556,天下秀,150,6.08
600559,老白干酒,65,16.13
600558,大西洋,160,6.08
600561,江西长运,170,7.2
600560,金自天正,215,16.9
600562,国睿科技,240,27.01
600563,法拉电子,235,104.52
600566,济川药业,30,26.26
600567,山鹰国际,120,1.68
600571,信雅达,225,16.29
600569,安阳钢铁,185,2.26
600570,恒生电子,240,28.79
600573,惠泉啤酒,250,12.13
600572,康恩贝,60,4.5
600575,淮河能源,50,3.6
600576,祥源文旅,140,6.62
600579,中化装备,250,8.84
600580,卧龙电驱,235,40.53
600582,天地科技,60,5.92
600578,京能电力,230,4.56
600577,精达股份,225,10.0
600583,海油工程,250,5.51
600587,新华医疗,30,14.49
600584,长电科技,165,36.63
600585,海螺水泥,30,22.15
600586,金晶科技,30,5.67
600588,用友网络,245,14.49
600589,大位科技,245,7.09
600590,泰豪科技,240,9.29
600593,大连圣亚,250,35.92
600592,龙溪股份,235,23.83
600594,益佰制药,90,4.05
600595,中孚实业,220,8.11
600597,光明乳业,30,7.88
600596,新安股份,110,10.95
600600,青岛啤酒,45,61.86
600598,北大荒,250,14.78
600602,云赛智联,210,19.19
600603,广汇物流,100,6.56
600601,方正科技,250,12.27
600605,汇通能源,225,28.23
600604,市北高新,135,5.46
600606,绿地控股,75,1.65
600607,上实医药,185,22.07
600610,中毅达,200,9.18
600609,金杯汽车,180,4.61
600611,大众交通,220,5.44
600612,老凤祥,250,44.55
600615,鑫源智造,235,11.47
600616,金枫酒业,40,5.35
600617,国新能源,215,3.18
600618,氯碱化工,240,12.72
600613,神奇制药,40,6.26
600621,华鑫股份,95,15.41
600620,天宸股份,95,6.29
600623,华谊集团,240,7.71
600622,光大嘉宝,245,2.87
600626,申达股份,140,4.91
600625,PT水仙,30,7.1
600619,海立股份,235,21.09
600629,华建集团,190,21.1
600628,新世界,250,7.17
600627,上电股份,140,26.28
600630,龙头股份,70,9.16
600632,华联商厦,180,6.59
600631,百联股份(已合并),140,15.19
600633,浙数文化,180,13.29
600635,大众公用,155,6.22
600637,东方明珠,250,9.84
600639,浦东金桥,60,10.38
600643,爱建集团,100,5.11
600640,国脉文化,40,12.27
600638,新黄浦,195,5.99
600641,先导基电,250,18.24
600642,申能股份,140,8.26
600645,中源协和,230,28.48
600644,乐山电力,155,11.12
600648,外高桥,245,10.37
600650,锦江在线,180,15.49
600649,城投控股,245,4.75
600651,飞乐音响,240,8.13
600662,外服控股,250,5.04
600661,昂立教育,30,10.79
600653,申华控股,120,1.9
600658,电子城,250,5.44
600663,陆家嘴,40,7.9
600654,中安科,105,3.74
600660,福耀玻璃,245,60.45
600655,豫园股份,35,5.28
600665,天地源,85,3.27
600657,信达地产,230,3.56
600666,奥瑞德,215,3.42
600664,哈药股份,75,3.5
600667,太极实业,165,9.87
600668,尖峰集团,180,11.47
600671,天目药业,175,17.47
600675,中华企业,30,2.73
600673,东阳光,220,20.74
600674,川投能源,55,14.42
600676,交运股份,245,5.99
600679,上海凤凰,250,13.21
600678,四川金顶,190,10.4
600681,百川能源,205,4.29
600684,珠江股份,230,4.59
600682,南京新百,195,7.08
600685,中船防务,170,29.73
600683,京投发展,180,4.19
600686,金龙汽车,195,17.18
600688,上海石化,35,2.72
600689,上海三毛,215,13.44
600691,潞化科技,200,2.86
600690,海尔智家,110,25.88
600694,大商股份,250,17.52
600692,亚通股份,70,8.32
600693,东百集团,240,11.11
600697,欧亚集团,165,13.63
600699,均胜电子,230,26.36
600698,湖南天雁,240,8.97
600704,物产中大,250,5.66
600702,舍得酒业,95,57.4
600703,三安光电,215,13.05
600705,中航产融,205,3.39
600708,光明地产,240,4.0
600707,彩虹股份,120,5.82
600706,曲江文旅,35,10.27
600710,苏美达,235,10.53
600711,盛屯矿业,210,14.46
600713,南京医药,245,5.5
600712,南宁百货,200,6.54
600714,金瑞矿业,195,12.1
600715,文投控股,175,2.23
600716,凤凰股份,210,4.17
600718,东软集团,250,10.4
600717,天津港,50,4.46
600721,百花医药,235,9.07
600720,中交设计,50,7.35
600723,首商股份,185,8.21
600722,金牛化工,220,6.47
600719,大连热电,45,6.5
600724,宁波富达,175,5.53
600727,鲁北化工,250,7.06
600725,云维股份,250,4.05
600726,华电能源,250,2.39
600728,佳都科技,195,6.72
600729,重庆百货,190,27.19
600730,中国高科,210,10.43
600731,湖南海利,165,6.98
600732,爱旭股份,105,13.59
600734,实达集团,185,3.68
600736,苏州高新,250,5.98
600739,辽宁成大,120,12.16
600733,北汽蓝谷,30,7.75
600738,丽尚国潮,160,5.05
600737,中粮糖业,250,17.1
600740,山西焦化,50,4.0
600742,富维股份,245,9.84
600743,华远控股,250,1.98
600741,华域汽车,200,19.8
600744,华银电力,215,6.06
600746,江苏索普,190,7.05
600745,闻泰科技,125,38.94
600748,上实发展,150,5.38
600749,西藏旅游,250,16.51
600750,华润江中,85,24.77
600751,海航科技,225,3.94
600754,锦江酒店,90,27.34
600755,厦门国贸,95,6.37
600757,长江传媒,175,9.21
600760,中航沈飞,250,55.64
600756,浪潮软件,250,17.41
600758,辽宁能源,155,3.76
600759,洲际油气,120,2.67
600761,安徽合力,65,21.11
600764,中国海防,185,28.38
600763,通策医疗,35,41.09
600765,中航重机,85,16.41
600768,宁波富邦,170,13.55
600769,祥龙电业,245,12.7
600770,综艺股份,205,5.57
600773,西藏城投,85,12.35
600776,东方通信,145,15.08
600771,广誉远,85,18.06
600774,汉商集团,30,9.52
600778,友好集团,230,6.68
600779,水井坊,135,32.79
600775,南京熊猫,210,13.35
600783,鲁信创投,245,14.31
600780,通宝能源,250,5.72
600784,鲁银投资,240,7.2
600785,新华百货,175,13.19
600782,新钢股份,35,3.89
600786,东方锅炉,180,71.42
600787,中储股份,245,5.7
600791,京能置业,215,5.04
600789,鲁抗医药,230,9.16
600790,轻纺城,105,3.85
600792,云煤能源,115,4.06
600793,宜宾纸业,175,20.9
600795,国电电力,95,4.95
600796,钱江生化,250,6.1
600794,保税科技,185,3.81
600797,浙大网新,200,10.51
600798,宁波海运,190,3.68
600800,渤海化学,210,4.06
600801,华新建材,150,22.99
600802,福建水泥,160,6.36
600803,新奥股份,235,19.79
600807,济高发展,45,3.33
600805,悦达投资,215,5.54
600808,马钢股份,185,3.95
600810,神马股份,160,8.58
600809,山西汾酒,55,176.53
600812,华北制药,205,5.56
600814,杭州解百,205,7.73
600816,建元信托,75,2.87
600815,厦工股份,250,3.19
600817,宇通重工,235,11.03
600819,耀皮玻璃,240,8.32
600818,中路股份,40,9.77
600820,隧道股份,125,6.65
600822,上海物贸,200,11.15
600821,金开新能,195,5.1
600824,益民集团,235,3.98
600826,兰生股份,245,11.14
600827,百联股份,120,9.16
600825,新华传媒,250,6.87
600828,茂业商业,225,4.04
600830,香溢融通,80,9.53
600829,人民同泰,245,11.25
600834,申通地铁,195,8.24
600835,上海机电,195,27.82
600831,广电网络,235,4.29
600833,第一医药,45,13.24
600837,海通证券,240,8.58
600832,东方明珠,195,14.5
600838,上海九百,240,8.79
600840,新湖创业,230,12.67
600841,动力新科,235,6.07
600839,四川长虹,250,10.12
600844,金煤科技,55,2.92
600846,同济科技,185,12.19
600842,中西药业,195,13.31
600845,宝信软件,230,22.74
600843,上工申贝,150,11.19
600848,上海临港,125,11.38
600847,万里股份,230,11.64
600850,电科数字,220,27.61
600851,海欣股份,215,6.82
600853,龙建股份,235,4.35
600857,宁波中百,220,14.04
600855,航天长峰,250,20.03
600854,春兰股份,195,5.4
600858,银座股份,225,5.97
600859,王府井,105,12.25
600863,华能蒙电,250,4.61
600861,北京人力,195,18.74
600862,中航高科,210,22.28
600860,京城股份,175,12.58
600864,哈投股份,120,6.69
600865,百大集团,250,9.52
600866,星湖科技,160,6.85
600867,通化东宝,230,8.76
600869,远东股份,205,7.75
600868,梅雁吉祥,250,3.44
600872,中炬高新,75,17.75
600873,梅花生物,80,10.17
600874,创业环保,250,6.25
600871,石化油服,250,2.26
600875,东方电气,80,20.8
600876,凯盛新能,45,9.89
600877,电科芯片,200,15.24
600879,航天电子,250,10.94
600880,博瑞传播,30,5.1
600882,妙可蓝多,220,24.69
600881,亚泰集团,135,1.87
600884,杉杉股份,245,13.35
600883,博闻科技,140,8.03
600886,国投电力,60,13.77
600885,宏发股份,245,30.38
600887,伊利股份,45,26.73
600888,新疆众和,225,8.06
600893,航发动力,145,36.42
600895,张江高科,230,40.12
600894,广日股份,150,9.59
600897,厦门空港,250,17.17
600900,长江电力,105,27.82
600903,贵州燃气,40,6.85
600901,江苏金租,250,6.13
600905,三峡能源,30,4.08
600909,华安证券,245,6.58
600906,财达证券,120,6.85
600908,无锡银行,205,5.96
600917,重庆燃气,30,5.54
600916,中国黄金,35,8.0
600919,江苏银行,250,10.78
600918,中泰证券,115,6.58
600926,杭州银行,225,15.24
600925,苏能股份,190,4.58
600927,永安期货,125,15.31
600928,西安银行,210,3.74
600929,雪天盐业,210,5.74
600935,华塑股份,35,2.64
600933,爱柯迪,135,19.17
600936,北投科技,240,4.0
600939,重庆建工,100,3.17
600938,中国海油,95,27.93
600941,中国移动,240,93.76
600955,维远股份,40,15.39
600958,东方证券,175,10.39
600960,渤海汽车,155,5.36
600956,新天绿能,65,7.34
600961,株冶集团,235,14.82
600962,国投中鲁,215,19.76
600959,江苏有线,225,3.65
600967,内蒙一机,240,14.67
600965,福成股份,235,5.74
600963,岳阳林纸,80,4.62
600969,郴电国际,220,9.63
600968,海油发展,145,3.85
600970,中材国际,50,9.26
600966,博汇纸业,210,6.52
600971,恒源煤电,115,7.16
600973,宝胜股份,220,7.58
600976,健民集团,250,34.64
600977,中国电影,160,13.7
600980,北矿科技,190,22.52
600979,广安爱众,225,4.54
600975,新五丰,250,5.71
600981,苏豪汇鸿,225,3.35
600982,宁波能源,170,4.42
600983,惠而浦,45,10.28
600984,建设机械,235,3.95
600987,航民股份,45,7.15
600986,浙文互联,250,8.86
600988,赤峰黄金,165,30.91
600985,淮北矿业,50,13.39
600989,宝丰能源,85,17.7
600990,四创电子,235,25.85
600995,南网储能,85,12.58
600993,马应龙,30,27.98
600992,贵绳股份,30,13.44
600991,广汽长丰,65,15.86
600997,开滦股份,40,5.71
600996,贵广网络,30,9.35
600998,九州通,85,5.11
601002,晋亿实业,250,5.19
600999,招商证券,70,16.68
601000,唐山港,185,3.86
601001,晋控煤业,115,14.39
601003,柳钢股份,210,5.04
601005,重庆钢铁,205,1.46
601006,大秦铁路,235,4.98
601008,连云港,175,5.23
601007,金陵饭店,190,7.78
601009,南京银行,240,11.32
601010,文峰股份,235,2.68
601011,宝泰隆,220,3.42
601012,隆基绿能,65,18.5
601016,节能风电,225,2.95
601015,陕西黑猫,110,4.03
601019,山东出版,30,8.66
601018,宁波港,30,3.65
601021,春秋航空,90,58.61
601020,华钰矿业,225,26.94
601022,宁波远洋,235,9.12
601028,玉龙股份,50,12.29
601033,永兴股份,30,15.21
601038,一拖股份,60,12.72
601059,信达证券,135,17.69
601058,赛轮轮胎,110,15.73
601061,中信金属,220,14.08
601066,中信建投,140,21.76
601068,中铝国际,205,5.98
601065,江盐集团,205,8.34
601069,西部黄金,225,27.16
601077,渝农商行,130,6.1
601083,锦江航运,250,11.82
601086,国芳集团,165,10.36
601088,中国神华,110,41.09
601089,福元医药,240,23.02
601100,恒立液压,240,91.72
601098,中南传媒,230,11.08
601096,宏盛华源,245,4.09
601106,中国一重,130,3.25
601101,昊华能源,160,7.23
601107,四川成渝,220,6.07
601108,财通证券,145,8.4
601113,华鼎股份,240,4.67
601111,中国国航,30,8.34
601116,三江购物,175,13.72
601117,中国化学,75,7.53
601118,海南橡胶,80,5.91
601121,宝地矿业,220,7.4
601126,四方股份,235,28.9
601133,柏诚股份,220,12.65
601128,常熟银行,250,7.13
601127,赛力斯,250,88.33
601138,工业富联,250,60.75
601137,博威合金,120,19.99
601136,首创证券,30,16.38
601139,深圳燃气,235,6.78
601158,重庆水务,250,4.5
601155,新城控股,230,14.09
601156,东航物流,85,18.37
601162,天风证券,135,4.21
601163,三角轮胎,45,14.18
601169,北京银行,130,5.4
601168,西部矿业,160,24.64
601166,兴业银行,170,18.29
601177,杭齿前进,165,17.32
601179,中国西电,180,15.9
601186,中国铁建,80,7.79
601188,龙江交通,35,3.62
601187,厦门银行,205,7.53
601198,东兴证券,250,13.95
601200,上海环境,30,8.06
601199,江南水务,105,5.65
601211,国泰海通,180,19.59
601212,白银有色,120,5.13
601208,东材科技,245,19.69
601218,吉鑫科技,185,5.96
601216,君正集团,235,4.82
601222,林洋能源,60,5.6
601225,陕西煤业,250,22.6
601228,广州港,35,3.23
601226,华电科工,235,7.71
601231,环旭电子,175,22.01
601233,桐昆股份,225,14.67
601229,上海银行,60,9.86
601236,红塔证券,215,8.22
601238,广汽集团,45,7.75
601279,英利汽车,240,4.35
601288,农业银行,110,6.66
601298,青岛港,70,8.5
601299,中国北车,65,4.9
601311,骆驼股份,250,9.41
601319,中国人保,220,8.51
601326,秦港股份,205,3.53
601328,交通银行,190,7.21
601330,绿色动力,210,7.16
601333,广深铁路,120,3.07
601336,新华保险,215,67.03
601339,百隆东方,250,7.09
601360,三六零,235,10.47
601369,陕鼓动力,250,10.04
601368,绿城水务,185,5.23
601366,利群股份,35,4.5
601375,中原证券,215,4.37
601377,兴业证券,155,6.82
601388,怡球资源,225,2.92
601390,中国中铁,70,5.34
601398,工商银行,140,7.23
601399,国机重装,240,3.63
601456,国联民生,75,9.76
601500,通用股份,50,4.21
601512,中新集团,170,8.64
601515,衢州东峰,245,4.21
601519,大智慧,175,12.81
601518,吉林高速,240,2.83
601528,瑞丰银行,210,5.5
601555,东吴证券,250,9.42
601566,九牧王,160,10.53
601567,三星电气,65,22.92
601568,北元集团,30,4.08
601579,会稽山,195,20.92
601577,长沙银行,240,9.53
601588,北辰实业,90,1.77
601595,上海电影,120,28.86
601599,浙文影业,40,3.86
601601,中国太保,245,37.02
601600,中国铝业,245,10.39
601598,中国外运,105,6.17
601606,长城军工,195,48.76
601607,上海医药,155,17.79
601608,中信重工,225,6.56
601609,金田股份,250,10.21
601611,中国核建,250,14.1
601615,明阳智能,235,13.06
601616,广电电气,250,3.93
601619,嘉泽新能,230,4.16
601618,中国中冶,90,2.98
601628,中国人寿,240,43.36
601633,长城汽车,75,20.62
601636,旗滨集团,75,6.08
601665,齐鲁银行,145,5.8
601668,中国建筑,165,5.02
601658,邮储银行,200,5.07
601669,中国电建,115,5.67
601677,明泰铝业,245,13.92
601678,滨化股份,230,4.3
601689,拓普集团,150,71.88
601686,友发集团,170,6.28
601688,华泰证券,220,21.97
601698,中国卫通,250,20.18
601696,中银证券,215,14.19
601700,风范股份,35,5.27
601699,潞安环能,230,13.0
601702,华峰铝业,65,19.78
601717,中创智领,180,24.52
601718,际华集团,235,3.33
601727,上海电气,225,8.6
601728,中国电信,240,5.79
601766,中国中车,105,6.26
601777,千里科技,215,10.37
601778,晶科科技,170,3.65
601788,光大证券,85,17.25
601789,宁波建工,235,5.14
601800,中国交建,95,8.16
601799,星宇股份,30,122.97
601801,皖新传媒,30,6.47
601798,蓝科高新,170,8.96
601808,中海油服,35,13.94
601811,新华文轩,30,13.39
601816,京沪高铁,145,5.2
601818,光大银行,180,3.24
601825,沪农商行,245,9.15
601827,三峰环境,30,8.24
601828,美凯龙,55,2.61
601838,成都银行,215,17.08
601857,中国石油,250,9.77
601858,中国科传,105,19.05
601860,紫金银行,235,2.72
601865,福莱特,55,15.98
601869,长飞光纤,165,81.32
601868,中国能建,225,2.39
601866,中远海发,240,2.51
601872,招商轮船,240,8.5
601877,正泰电器,225,28.09
601880,辽港股份,230,1.61
601881,中国银河,155,15.78
601878,浙商证券,105,10.83
601882,海天精工,70,19.01
601886,江河集团,150,7.88
601888,中国中免,75,70.17
601890,亚星锚链,200,10.28
601898,中煤能源,175,13.65
601899,紫金矿业,185,29.93
601901,方正证券,30,7.77
601908,京运通,220,4.02
601916,浙商银行,245,3.08
601918,新集能源,120,7.34
601921,浙版传媒,35,7.98
601919,中远海控,240,15.14
601900,南方传媒,190,14.09
601928,凤凰传媒,240,10.09
601929,吉视传媒,225,2.97
601933,永辉超市,250,4.66
601939,建设银行,250,9.22
601949,中国出版,40,6.49
601952,苏垦农发,80,9.38
601956,东贝集团,200,7.1
601963,重庆银行,250,10.65
601965,中国汽研,35,17.07
601966,玲珑轮胎,60,14.78
601969,海南矿业,230,11.2
601958,金钼股份,250,14.22
601968,宝钢包装,190,5.24
601975,招商南油,60,3.2
601985,中国核电,55,8.69
601988,中国银行,200,5.34
601991,大唐发电,250,3.72
601992,金隅集团,145,1.67
601989,中国重工,60,4.21
601990,南京证券,75,7.94
601998,中信银行,170,8.28
601995,中金公司,115,34.08
601996,丰林集团,110,2.53
601999,出版传媒,140,7.5
601997,贵阳银行,240,5.8
603002,宏昌电子,200,7.11
603001,奥康国际,195,8.53
603000,人民网,55,19.7
603006,联明股份,220,13.12
603004,鼎龙科技,190,22.82
603008,喜临门,45,20.57
603005,晶方科技,245,27.44
603009,北特科技,250,49.58
603010,万盛股份,250,10.81
603007,花王股份,120,5.93
603014,威高血净,100,40.68
603011,合锻智能,120,21.16
603013,亚普股份,200,21.85
603012,创力集团,195,5.72
603017,中衡设计,195,9.95
603015,弘讯科技,245,12.29
603016,新宏泰,245,26.4
603018,华设集团,40,7.52
603020,爱普股份,170,11.02
603019,中科曙光,250,85.3
603025,大豪科技,235,17.09
603023,威帝股份,215,4.29
603022,新通联,160,10.46
603026,石大胜华,195,65.72
603027,千禾味业,215,9.46
603030,全筑股份,220,2.88
603029,天鹅股份,205,18.26
603031,安孚科技,155,38.4
603028,赛福天,245,8.49
603032,德新科技,65,18.71
603035,常熟汽饰,135,15.13
603033,三维股份,110,11.21
603037,凯众股份,195,13.13
603036,如通股份,160,20.82
603038,华立股份,250,15.81
603039,泛微网络,155,49.34
603040,新坐标,185,79.2
603049,中策橡胶,60,54.69
603041,美思德,245,12.8
603042,华脉科技,190,15.85
603043,广州酒家,95,17.6
603050,科林电气,210,19.61
603048,浙江黎明,245,21.0
603045,福达合金,165,19.48
603052,可川科技,245,31.39
603051,鹿山新材,55,21.42
603053,成都燃气,45,9.77
603055,台华新材,30,9.27
603056,德邦股份,115,13.92
603058,永吉股份,225,9.47
603057,紫燕食品,135,18.43
603059,倍加洁,245,30.5
603061,金海通,210,84.36
603060,国检集团,60,6.21
603062,麦加芯彩,250,47.8
603063,禾望电气,150,31.97
603065,宿迁联盛,240,8.84
603069,海汽集团,250,17.34
603068,博通集成,210,39.18
603066,音飞储存,200,11.14
603067,振华股份,205,37.37
603072,天和磁材,45,40.76
603071,物产环能,250,14.25
603070,万控智造,235,14.77
603073,彩蝶实业,225,19.7
603078,江化微,220,17.52
603076,乐惠国际,45,24.11
603077,和邦生物,160,2.16
603079,圣达生物,240,16.69
603080,新疆火炬,195,23.74
603075,热威股份,250,22.41
603083,剑桥科技,175,111.83
603081,大丰实业,160,12.17
603082,北自科技,225,36.92
603085,天成自控,205,10.72
603091,众鑫股份,150,73.6
603086,先达股份,155,8.2
603088,宁波精达,245,9.99
603087,甘李药业,165,63.27
603089,正裕工业,125,12.89
603090,宏盛股份,205,45.98
603096,新经典,40,18.96
603095,越剑智能,225,14.33
603093,南华期货,200,19.54
603098,森特股份,220,14.91
603097,江苏华辰,40,26.61
603099,长白山,235,34.85
603100,川仪股份,250,24.84
603103,横店影视,150,15.95
603102,百合股份,245,42.8
603101,汇嘉时代,215,7.98
603106,恒银科技,215,10.5
603107,上海汽配,245,15.12
603105,芯能科技,75,9.38
603108,润达医疗,30,14.79
603111,康尼机电,230,7.0
603109,神驰机电,170,25.91
603110,东方材料,30,16.92
603120,肯特催化,70,38.81
603112,华翔股份,215,17.59
603116,红蜻蜓,190,5.93
603115,海星股份,240,17.83
603113,金能科技,55,7.1
603124,江南新材,145,80.92
603117,万林物流,250,4.83
603119,浙江荣泰,195,90.91
603123,翠微股份,225,12.06
603121,华培动力,250,16.17
603122,合富中国,185,16.37
603118,共进股份,245,11.94
603125,常青科技,155,18.68
603126,中材节能,125,6.89
603127,昭衍新药,130,37.23
603130,云中马,240,42.04
603128,华贸物流,30,5.91
603131,上海沪工,245,20.46
603129,春风动力,230,246.88
603132,金徽股份,170,13.78
603135,中重科技,30,9.56
603138,海量数据,95,13.73
603136,天目湖,45,11.48
603139,康惠股份,240,22.21
603137,恒尚节能,235,14.36
603150,万朗磁塑,230,36.25
603151,邦基科技,125,19.09
603153,上海建科,55,16.81
603156,养元饮品,195,29.82
603158,腾龙股份,220,10.3
603155,新亚强,195,17.5
603161,科华控股,245,13.55
603159,上海亚虹,215,26.48
603160,汇顶科技,125,77.59
603163,圣晖集成,220,109.54
603162,海通发展,175,12.12
603165,荣晟环保,210,12.2
603166,福达股份,250,14.36
603169,兰石重装,175,10.49
603167,渤海轮渡,240,9.33
603168,莎普爱思,30,7.55
603170,宝立食品,115,14.19
603171,税友股份,215,50.03
603173,福斯达,205,40.23
603172,万丰股份,175,20.99
603176,汇通集团,165,5.43
603177,德创环保,250,11.89
603178,圣龙股份,30,18.35
603181,皇马科技,210,14.29
603179,新泉股份,250,64.37
603180,金牌家居,30,20.75
603183,建研院,230,4.62
603182,嘉华股份,140,15.89
603186,华正新材,250,42.74
603185,弘元绿能,70,24.46
603189,网达软件,250,19.48
603187,海容冷链,240,14.72
603188,亚邦股份,245,4.88
603191,望变电气,250,15.04
603192,汇得科技,165,23.22
603190,亚通精工,30,25.6
603194,中力股份,30,39.19
603195,公牛集团,40,43.75
603193,润本股份,230,23.82
603196,璞源材料,175,25.34
603199,九华旅游,60,35.29
603202,天有为,30,92.43
603198,迎驾贡酒,35,39.63
603197,保隆科技,60,35.42
603205,健尔康,210,28.55
603207,小方制药,160,28.69
603200,上海洗霸,225,81.74
603201,常润股份,55,16.92
603208,江山欧派,250,14.51
603210,泰鸿万立,150,19.42
603203,快克智能,230,30.26
603206,嘉环科技,250,16.73
603209,兴通股份,30,15.48
603211,晋拓股份,190,18.07
603213,镇洋发展,210,13.76
603214,爱婴室,240,18.46
603212,赛伍技术,250,12.94
603215,比依股份,200,20.19
603218,日月股份,215,14.34
603217,元利科技,240,25.63
603219,富佳股份,35,16.04
603220,中贝通信,30,22.26
603222,济民健康,245,8.83
603223,恒通股份,85,8.33
603221,爱丽家居,160,12.6
603225,新凤鸣,230,17.05
603226,菲林格尔,175,28.89
603227,雪峰科技,250,8.46
603228,景旺电子,250,64.95
603229,奥翔药业,245,9.82
603232,格尔软件,250,23.33
603230,内蒙新华,30,12.43
603233,大参林,210,17.73
603231,索宝蛋白,220,18.37
603236,移远通信,235,89.44
603235,天新药业,30,27.04
603238,诺邦股份,235,17.46
603237,五芳斋,30,17.21
603239,浙江仙通,240,23.88
603257,中国瑞林,65,56.29
603255,鼎际得,40,29.24
603256,宏和科技,240,32.11
603260,合盛硅业,55,48.35
603259,药明康德,230,92.42
603258,电魂网络,165,18.52
603271,永杰新材,190,41.98
603267,鸿远电子,195,47.96
603266,天龙股份,30,20.02
603268,松发股份,180,81.93
603269,海鸥股份,215,12.41
603273,天元智能,30,19.29
603270,金帝股份,155,24.74
603272,联翔股份,190,22.03
603277,银都股份,55,16.59
603276,恒兴新材,205,16.57
603275,众辰科技,200,46.14
603278,大业股份,240,10.78
603281,江瀚新材,245,27.57
603285,键邦股份,250,24.34
603280,南方路机,180,37.68
603279,景津装备,60,14.96
603282,亚光股份,245,19.83
603283,赛腾股份,40,41.9
603289,泰瑞机器,250,10.07
603290,斯达半导,145,99.8
603286,日盈电子,170,41.19
603288,海天味业,210,36.56
603291,联合水务,80,10.93
603300,海南华铁,200,7.14
603301,振德医疗,235,70.35
603296,华勤技术,245,89.04
603299,苏盐井神,235,10.35
603297,永新光学,235,101.8
603305,旭升集团,100,14.84
603303,得邦照明,235,13.01
603298,杭叉集团,130,26.7
603310,巍华新材,30,17.17
603306,华懋科技,165,47.12
603307,扬州金泉,180,39.26
603309,维力医疗,205,14.09
603308,应流股份,205,41.26
603312,西典新能,185,46.97
603311,金海高科,180,16.31
603313,梦百合,220,9.14
603317,天味食品,205,12.81
603316,诚邦股份,195,14.13
603315,福鞍股份,195,15.04
603321,梅轮电梯,190,8.12
603322,超讯通信,245,36.98
603318,水发燃气,105,6.65
603320,迪贝电气,240,18.37
603319,美湖股份,235,34.89
603323,苏农银行,195,5.04
603324,盛剑科技,30,24.51
603325,博隆技术,180,76.79
603326,我乐家居,240,8.93
603329,上海雅仕,75,11.1
603327,福蓉科技,50,9.07
603330,天洋新材,250,7.5
603328,依顿电子,250,11.26
603332,苏州龙杰,220,13.55
603331,百达精工,235,11.54
603337,杰克科技,250,39.1
603335,迪生力,250,5.57
603333,尚纬股份,200,8.15
603336,宏辉果蔬,235,9.08
603338,浙江鼎力,55,53.74
603339,四方科技,150,12.76
603341,龙旗科技,80,44.86
603350,安乃达,235,38.27
603344,星德胜,215,27.49
603348,文灿股份,250,20.24
603345,安井食品,80,81.42
603351,威尔药业,190,25.98
603353,和顺石油,185,27.51
603357,设计总院,40,8.33
603355,莱克电气,100,31.28
603356,华菱精工,35,15.75
603359,东珠生态,200,8.44
603358,华达科技,230,49.21
603360,百傲化学,150,31.56
603363,傲农生物,165,4.12
603368,柳药集团,45,17.98
603366,日出东方,250,9.56
603367,辰欣药业,135,18.15
603369,今世缘,60,34.84
603365,水星家纺,150,19.87
603382,海阳科技,35,30.83
603375,盛景微,30,38.16
603381,永臻股份,30,19.89
603373,安邦护卫,130,39.78
603378,亚士创能,100,6.81
603380,易德龙,170,35.86
603379,三美股份,170,62.51
603383,顶点软件,205,36.02
603385,惠达卫浴,135,7.2
603391,力聚热能,225,64.53
603386,骏亚科技,40,13.86
603387,基蛋生物,140,8.37
603395,红四方,240,29.75
603400,华之杰,90,52.18
603392,万泰生物,115,54.99
603390,通达电气,250,12.76
603393,新天然气,140,26.83
603409,汇通控股,180,37.36
603399,永杉锂业,250,10.61
603396,金辰股份,205,33.47
603408,建霖家居,130,12.42
603416,信捷电气,240,52.1
603421,鼎信通讯,250,8.0
603439,三力制药,235,11.94
603444,吉比特,175,433.81
603458,勘设股份,245,8.6
603456,九洲药业,75,17.86
603466,风语筑,30,9.16
603477,巨星农牧,140,17.66
603488,展鹏科技,50,8.17
603486,科沃斯,245,79.2
603489,八方股份,235,29.28
603496,恒为科技,40,28.42
603499,翔港科技,105,21.78
603500,祥和实业,120,11.19
603501,豪威集团,240,128.12
603508,思维列控,220,26.07
603505,金石资源,50,17.92
603506,南都物业,240,12.29
603507,振江股份,250,23.56
603511,爱慕股份,235,15.84
603515,欧普照明,205,18.2
603518,锦泓集团,200,9.81
603516,淳中科技,245,145.36
603519,立霸股份,230,13.51
603520,司太立,220,9.78
603529,爱玛科技,210,29.97
603528,多伦科技,205,8.09
603527,众源新材,100,10.77
603533,掌阅科技,40,24.77
603535,嘉诚国际,215,9.87
603536,惠发食品,60,9.86
603530,神马电力,235,40.44
603538,美诺华,145,19.24
603551,奥普科技,240,11.92
603556,海兴电力,145,34.28
603558,健盛集团,120,11.31
603566,普莱柯,60,14.0
603565,中谷物流,250,10.18
603567,珍宝岛,85,6.57
603568,伟明环保,85,22.03
603569,长久物流,100,6.82
603577,汇金通,220,11.28
603578,三星新材,35,12.48
603579,荣泰健康,120,20.01
603585,苏利股份,160,19.22
603586,金麒麟,200,18.89
603583,捷昌驱动,240,38.0
603587,地素时尚,130,13.18
603590,康辰药业,240,42.61
603589,口子窖,85,30.2
603588,高能环境,145,7.28
603596,伯特利,155,45.5
603598,引力传媒,50,16.29
603599,广信股份,230,11.26
603600,永艺股份,145,11.78
603601,再升科技,175,4.75
603602,纵横通信,30,14.88
603606,东方电缆,195,59.24
603605,珀莱雅,35,71.27
603607,京华激光,250,23.41
603613,国联股份,130,27.57
603610,麒盛科技,220,18.85
603609,禾丰股份,180,7.05
603611,诺力股份,90,23.16
603608,天创时尚,125,7.44
603612,索通发展,245,23.87
603616,韩建河山,175,5.16
603617,君禾股份,225,7.75
603615,茶花股份,205,23.75
603618,杭电股份,180,8.26
603619,中曼石油,180,21.83
603626,科森科技,250,12.64
603630,拉芳家化,215,20.22
603629,利通电子,230,25.43
603628,清源股份,30,13.68
603633,徕木股份,35,9.1
603637,镇海股份,250,11.01
603638,艾迪精密,240,19.09
603636,南威软件,205,11.67
603639,海利尔,35,12.66
603648,畅联股份,155,10.38
603650,彤程新材,245,51.5
603656,泰禾智能,245,22.98
603655,朗博科技,210,38.8
603658,安图生物,50,36.13
603657,春光科技,220,28.69
603659,璞泰来,210,27.94
603661,恒林股份,135,33.26
603662,柯力传感,240,60.23
603663,三祥新材,225,35.49
603665,康隆达,150,29.99
603666,亿嘉和,240,31.03
603667,五洲新春,220,43.13
603668,天马科技,205,13.87
603669,灵康药业,70,4.53
603678,火炬电子,250,38.91
603680,今创集团,240,10.82
603677,奇精机械,240,18.01
603681,永冠新材,140,18.01
603676,卫信康,245,11.16
603679,华体科技,30,15.7
603683,晶华新材,190,26.78
603682,锦和商管,250,6.28
603660,苏州科达,235,9.97
603685,晨丰科技,220,19.16
603686,福龙马,115,18.12
603687,大胜达,230,8.89
603688,石英股份,220,39.48
603689,皖天然气,35,8.24
603690,至纯科技,175,29.01
603693,江苏新能,250,11.89
603696,安记食品,185,11.9
603697,有友食品,240,11.22
603699,纽威股份,175,48.09
603700,宁水集团,250,13.2
603698,航天工程,215,18.63
603703,盛洋科技,150,11.65
603701,德宏股份,210,20.44
603706,东方环宇,250,19.55
603707,健友股份,130,9.66
603708,家家悦,65,11.54
603709,中源家居,205,16.52
603711,香飘飘,40,13.44
603713,密尔克卫,60,59.31
603712,七一二,30,19.6
603716,塞力医疗,245,21.3
603717,天域生物,240,7.78
603718,海利生物,100,6.95
603719,良品铺子,85,11.92
603722,阿科力,30,39.16
603725,天安新材,55,10.07
603727,博迈科,240,13.74
603726,朗迪集团,250,22.3
603728,鸣志电器,235,71.53
603733,仙鹤股份,235,22.42
603729,龙韵股份,50,16.71
603730,岱美股份,200,8.09
603737,三棵树,190,44.64
603739,蔚蓝生物,35,15.83
603738,泰晶科技,210,14.77
603755,日辰股份,240,28.24
603757,大元泵业,170,42.86
603759,海天股份,150,10.47
603758,秦安股份,170,14.69
603767,中马传动,245,18.55
603766,隆鑫通用,240,15.51
603768,常青股份,30,11.67
603773,沃格光电,225,29.66
603776,永安行,175,18.8
603778,国晟科技,95,4.32
603779,威龙股份,205,6.97
603777,来伊份,250,13.67
603786,科博达,110,72.65
603788,宁波高发,210,16.1
603787,新日股份,195,13.52
603790,雅运股份,215,19.88
603798,康普顿,185,15.13
603797,联泰环保,195,4.84
603799,华友钴业,210,65.05
603801,志邦家居,50,9.24
603800,洪田股份,200,48.06
603806,福斯特,85,14.02
603803,瑞斯康达,195,10.32
603808,歌力思,170,8.86
603810,丰山集团,200,17.04
603809,豪能股份,250,12.84
603811,诚意药业,245,11.62
603816,顾家家居,250,30.64
603815,交建股份,230,6.76
603817,海峡环保,215,7.03
603819,神力股份,230,12.1
603823,百合花,250,15.59
603818,曲美家居,155,3.6
603826,坤彩科技,225,16.95
603829,洛凯股份,245,24.41
603833,欧派家居,30,52.26
603836,海程邦达,30,14.72
603839,安正时尚,205,7.89
603848,好太太,240,18.88
603856,东宏股份,245,12.64
603858,步长制药,235,16.84
603855,华荣股份,40,19.71
603859,能科科技,245,40.16
603861,白云电器,200,16.5
603860,中公高科,30,31.78
603863,松炀资源,35,20.35
603866,桃李面包,95,5.32
603868,飞科电器,60,34.93
603867,新化股份,210,28.76
603871,嘉友国际,205,13.76
603876,鼎胜新材,250,15.96
603880,南卫股份,250,6.43
603878,武进不锈,140,9.24
603881,数据港,225,35.6
603879,永悦科技,170,6.29
603883,老百姓,55,15.23
603886,元祖股份,35,12.88
603882,金域医学,40,27.21
603885,吉祥航空,55,11.98
603887,城地香江,235,14.74
603889,新澳股份,125,7.67
603888,新华网,150,19.24
603890,春秋电子,240,16.44
603893,瑞芯微,245,177.71
603896,寿仙谷,250,20.62
603895,天永智能,250,28.41
603897,长城科技,245,26.43
603901,永创智能,250,11.96
603898,好莱客,160,13.18
603899,晨光股份,35,27.86
603900,莱绅通灵,250,9.04
603903,中持股份,155,12.17
603906,龙蟠科技,175,17.91
603908,牧高笛,30,24.8
603912,佳力图,200,8.61
603909,建发合诚,190,11.64
603915,国茂股份,220,17.15
603918,金桥信息,195,13.46
603916,苏博特,235,10.18
603917,合力科技,95,14.59
603920,世运电路,190,40.24
603922,金鸿顺,245,21.08
603919,金徽酒,55,19.51
603926,铁流股份,195,16.88
603927,中科软,80,19.33
603929,亚翔集成,210,38.48
603933,睿能科技,245,23.28
603928,兴业股份,210,14.87
603931,格林达,250,31.6
603938,三孚股份,245,17.44
603936,博敏电子,185,11.53
603937,丽岛新材,245,12.92
603939,益丰药房,55,23.3
603950,长源东谷,185,30.89
603948,建业股份,175,26.3
603949,雪龙集团,185,18.47
603955,大千生态,195,28.74
603958,哈森股份,120,15.8
603956,威派格,30,6.59
603959,百利科技,240,6.12
603967,中创物流,245,12.96
603960,克来机电,85,19.42
603966,法兰泰克,195,10.9
603968,醋化股份,35,11.16
603970,中农立华,65,13.06
603977,国泰集团,55,14.75
603969,银龙股份,165,9.75
603976,正川股份,245,20.21
603978,深圳新星,250,24.97
603979,金诚信,120,65.13
603982,泉峰汽车,45,7.79
603980,吉华集团,200,5.12
603983,丸美生物,230,33.54
603986,兆易创新,230,208.08
603988,中电电机,210,24.2
603985,恒润股份,250,15.86
603987,康德莱,185,8.72
603991,至正股份,245,73.26
603990,麦迪科技,230,15.08
603989,艾华集团,95,16.81
603993,洛阳钼业,250,17.55
603995,甬金股份,35,19.12
603998,方盛制药,30,11.28
603992,松霖科技,235,28.58
603997,继峰股份,90,13.09
603999,读者传媒,175,6.87
605001,威奥股份,185,7.52
605006,山东玻纤,230,7.26
605008,长鸿高科,230,11.87
605007,五洲特纸,45,11.76
605003,众望布艺,190,23.94
605009,豪悦护理,240,32.22
605005,合兴股份,195,18.99
605011,杭州热电,55,20.44
605018,长华集团,45,11.66
605016,百龙创园,210,20.45
605020,永和股份,230,26.79
605028,XD世茂能,230,26.39
605033,美邦股份,235,22.58
605050,福然德,200,13.22
605055,迎丰股份,160,9.0
605056,咸亨国际,230,18.22
605060,联德股份,175,35.75
605058,澳弘电子,220,30.34
605066,天正电气,185,7.54
605068,明新旭腾,225,26.42
605069,正和生态,195,10.58
605077,华康股份,75,14.76
605080,浙江自然,210,23.28
605086,龙高股份,250,34.57
605088,冠盛股份,150,34.4
605089,味知香,175,25.4
605090,九丰能源,190,34.13
605098,行动教育,120,40.66
605099,共创草坪,245,36.21
605100,华丰股份,185,44.47
605108,同庆楼,250,19.86
605111,新洁能,185,37.13
605116,奥锐特,250,21.92
605118,力鼎光电,200,27.91
605117,德业股份,185,85.75
605122,四方新材,115,13.81
605128,上海沿浦,170,36.98
605123,派克新材,245,67.76
605133,嵘泰股份,230,32.21
605136,丽人丽妆,180,10.2
605138,盛泰集团,250,7.4
605151,西上海,160,19.7
605158,华达新材,55,7.94
605155,西大门,140,16.02
605162,新中港,245,9.14
605166,聚合顺,250,10.58
605168,三人行,50,27.94
605169,洪通燃气,250,13.2
605167,利柏特,165,17.7
605177,东亚药业,30,21.08
605178,时空科技,210,66.5
605179,一鸣食品,235,21.0
605180,华生科技,60,14.53
605183,确成股份,160,19.78
605188,国光连锁,250,16.78
605186,健麾信息,35,19.71
605189,富春染织,175,15.59
605198,安德利,240,37.39
605196,华通线缆,140,34.61
605208,永茂泰,120,12.9
605218,伟时电子,250,19.6
605222,起帆电缆,235,18.22
605228,神通科技,170,14.34
605255,天普股份,235,89.91
605258,协和电子,235,34.11
605259,绿田机械,250,21.5
605268,王力安防,170,10.56
605266,健之佳,45,20.15
605277,新亚电子,235,22.53
605286,同力天启,240,40.87
605288,凯迪股份,115,81.5
605289,罗曼股份,235,67.42
605287,德才股份,110,25.53
605298,必得科技,215,39.31
605300,佳禾食品,240,11.73
605296,神农集团,70,28.31
605299,舒华体育,180,11.88
605305,中际联合,215,41.65
605303,园林股份,250,17.67
605318,法狮龙,170,51.48
605319,无锡振华,210,20.93
605333,沪光股份,120,29.02
605338,巴比食品,145,25.05
605337,李子园,180,12.0
605339,南侨食品,125,16.22
605358,立昂微,205,33.22
605366,宏柏新材,250,6.09
605368,蓝天燃气,115,8.25
605365,立达信,145,19.77
605369,拱东医疗,245,19.44
605377,华旺科技,55,8.56
605376,博迁新材,185,47.88
605378,野马电池,245,20.29
605389,长龄液压,135,64.88
605388,均瑶健康,235,7.38
605398,新炬网络,200,30.24
605399,晨光新材,240,14.98
605488,福莱新材,210,33.72
605499,东鹏饮料,155,266.0
605500,森林包装,210,8.98
605507,国邦医药,245,23.92
605555,德昌股份,85,18.57
605566,福莱蒽特,195,28.01
605567,春雪食品,120,10.96
605577,龙版传媒,40,12.71
605588,冠石科技,205,55.16
605589,圣泉集团,235,26.55
605580,恒盛能源,210,23.34
605599,菜百股份,210,14.4
605598,上海港湾,250,47.08
000002,万  科Ａ,75,4.88
000006,深振业Ａ,245,9.78
000003,PT金田A,150,6.67
000012,南  玻Ａ,30,4.43
000011,深物业A,140,8.99
000009,中国宝安,55,10.1
000015,PT中浩A,250,5.22
000010,美丽生态,250,3.59
000007,全新好,245,11.5
000008,神州高铁,235,2.9
000014,沙河股份,80,13.04
000016,深康佳Ａ,250,5.12
000019,深粮控股,250,7.09
000017,深中华A,55,6.71
000020,深华发Ａ,90,14.7
000021,深科技,250,24.35
000024,招商地产,145,23.37
000027,深圳能源,30,6.64
000025,特  力Ａ,245,18.43
000026,飞亚达,210,15.27
000028,国药一致,55,24.99
000030,富奥股份,35,5.52
000029,深深房Ａ,185,23.2
000032,深桑达Ａ,215,20.53
000031,大悦城,115,2.87
000035,中国天楹,210,5.9
000034,神州数码,250,37.23
000036,华联控股,230,5.04
000037,深南电A,225,8.74
000039,中集集团,55,9.48
000042,中洲控股,185,8.16
000045,深纺织Ａ,235,13.12
000050,深天马Ａ,110,9.29
000048,京基智农,35,16.53
000049,德赛电池,250,27.08
000055,方大集团,75,4.22
000056,皇庭国际,210,2.0
000059,华锦股份,60,5.13
000058,深 赛 格,240,9.27
000060,中金岭南,205,5.58
000061,农 产 品,240,9.26
000062,深圳华强,190,24.46
000063,中兴通讯,90,36.87
000065,北方国际,35,12.48
000066,中国长城,230,16.3
000070,特发信息,235,11.61
000069,华侨城Ａ,150,2.4
000068,华控赛格,30,3.41
000078,海王生物,110,2.53
000089,深圳机场,90,6.93
000090,天健集团,105,3.78
000088,盐 田 港,35,4.54
000099,中信海直,120,20.04
000096,广聚能源,245,10.14
000100,TCL科技,80,4.34
000155,川能动力,205,12.25
000151,中成股份,250,12.75
000153,丰原药业,30,6.54
000158,常山北明,240,20.2
000159,国际实业,190,5.79
000157,中联重科,65,8.16
000156,华数传媒,200,7.95
000166,申万宏源,160,5.43
000301,东方盛虹,230,9.07
000333,美的集团,225,76.41
000338,潍柴动力,170,17.22
000401,金隅冀东,115,4.46
000400,许继电气,170,25.47
000406,石油大明,235,10.14
000402,金 融 街,130,2.73
000404,长虹华意,250,7.04
000403,派林生物,110,13.6
000407,胜利股份,185,5.0
000410,沈阳机床,50,7.51
000411,英特集团,220,11.07
000409,云鼎科技,250,11.4
000408,藏格矿业,235,55.15
000417,合百集团,220,8.34
000415,渤海租赁,130,4.03
000418,小天鹅A,185,42.82
000419,通程控股,210,6.42
000420,吉林化纤,240,4.04
000421,南京公用,250,6.93
000426,兴业银锡,250,29.88
000422,湖北宜化,155,15.71
000425,徐工机械,245,10.27
000423,东阿阿胶,110,48.82
000428,华天酒店,65,3.87
000429,粤高速Ａ,140,11.97
000501,武商集团,220,8.53
000498,山东路桥,215,6.25
000505,京粮控股,175,7.34
000503,国新健康,200,9.91
000507,珠海港,185,5.3
000506,招金黄金,180,11.91
000510,新金路,135,14.79
000509,华塑控股,35,3.41
000515,攀渝钛业,120,13.52
000508,琼民源A,210,18.8
000516,国际医学,30,4.86
000514,渝 开 发,245,4.98
000513,丽珠集团,85,35.76
000517,荣安地产,95,1.81
000520,凤凰航运,230,4.58
000519,中兵红箭,250,18.04
000521,长虹美菱,65,6.63
000522,白云山A,180,19.88
000524,岭南控股,250,11.9
000525,红太阳,50,5.76
000526,学大教育,110,37.57
000523,红棉股份,160,3.21
000528,柳    工,80,11.88
000527,美的电器,240,8.56
000531,穗恒运Ａ,205,6.42
000530,冰山冷热,185,6.03
000529,广弘控股,30,6.14
000532,华金资本,50,14.29
000534,万泽股份,210,21.45
000533,顺钠股份,205,6.89
000536,华映科技,250,4.94
000537,绿发电力,120,8.32
000538,云南白药,235,56.69
000542,TCL通讯,215,17.68
000539,粤电力Ａ,250,4.5
000541,佛山照明,150,6.09
000546,金圆股份,120,5.79
000543,皖能电力,65,8.23
000544,中原环保,250,8.39
000545,金浦钛业,210,3.02
000547,航天发展,240,8.45
000552,甘肃能化,40,2.34
000549,S湘火炬,250,5.37
000551,创元科技,250,11.07
000550,江铃汽车,85,17.99
000548,湖南投资,245,5.8
000553,安道麦A,75,6.16
000554,泰山石油,235,6.8
000558,天府文旅,195,5.17
000559,万向钱潮,185,17.09
000557,西部创业,225,4.99
000555,神州信息,160,16.31
000556,PT南洋,250,5.25
000561,烽火电子,215,10.84
000560,我爱我家,160,2.94
000562,宏源证券,110,11.9
000563,陕国投Ａ,250,3.44
000565,渝三峡Ａ,185,7.27
000566,海南海药,170,5.52
000564,供销大集,120,2.58
000567,海德股份,85,5.34
000568,泸州老窖,60,104.41
000569,长城股份,175,6.22
000570,苏常柴Ａ,210,5.6
000571,新大洲A,245,5.57
000572,海马汽车,240,5.7
000573,粤宏远Ａ,245,4.39
000576,甘化科工,190,10.52
000578,盐湖集团,90,25.5
000581,威孚高科,250,20.04
000582,北部湾港,250,8.94
000589,贵州轮胎,45,5.08
000586,汇源通信,155,13.02
000588,PT粤金曼,230,5.6
000590,古汉医药,250,11.55
000591,太阳能,115,4.39
000593,德龙汇能,220,14.36
000597,东北制药,185,5.32
000598,兴蓉环境,45,7.16
000600,建投能源,135,8.64
000596,古井贡酒,45,104.38
000603,盛达资源,235,23.2
000599,青岛双星,225,6.33
000601,韶能股份,210,5.12
000602,金马集团,105,13.21
000605,渤海股份,245,6.7
000607,华媒控股,200,4.13
000610,西安旅游,210,12.36
000612,焦作万方,240,9.61
000617,中油资本,240,8.88
000619,海螺新材,215,6.17
000623,吉林敖东,240,18.8
000618,吉林化工,120,5.06
000625,长安汽车,30,9.98
000620,盈新发展,115,2.86
000626,远大控股,220,8.02
000629,钒钛股份,210,2.94
000628,高新发展,120,50.48
000631,顺发恒能,135,3.23
000630,铜陵有色,240,5.45
000633,合金投资,155,7.58
000632,三木集团,180,5.12
000636,风华高科,215,16.27
000637,茂化实华,250,4.58
000635,英 力 特,230,8.65
000639,西王食品,100,3.28
000651,格力电器,250,39.69
000650,仁和药业,70,5.89
000655,金岭矿业,160,8.98
000652,泰达股份,185,4.17
000659,珠海中富,235,3.21
000663,永安林业,160,7.68
000657,中钨高新,140,21.38
000661,长春高新,100,99.28
000666,经纬纺机,40,9.52
000665,湖北广电,160,5.44
000670,盈方微,220,8.06
000672,上峰水泥,160,10.93
000677,恒天海龙,195,4.07
000678,襄阳轴承,215,13.33
000679,大连友谊,175,7.28
000682,东方电子,185,11.68
000676,智度股份,245,8.25
000680,山推股份,240,11.46
000681,视觉中国,200,20.36
000683,博源化工,160,7.2
000685,中山公用,250,11.96
000686,东北证券,245,9.08
000688,国城矿业,225,27.05
000690,宝新能源,60,4.35
000692,惠天热电,250,3.85
000695,滨海能源,220,12.69
000700,模塑科技,210,9.42
000701,厦门信达,230,5.84
000703,恒逸石化,155,12.64
000702,正虹科技,250,6.93
000705,浙江震元,185,9.06
000708,中信特钢,250,15.82
000709,河钢股份,190,2.32
000707,双环科技,50,6.18
000715,中兴商业,210,6.24
000710,贝瑞基因,175,11.28
000713,国投丰乐,155,6.95
000712,锦龙股份,100,12.03
000717,中南股份,125,2.58
000716,黑芝麻,235,6.16
000719,中原传媒,230,12.5
000720,新能泰山,120,3.36
000718,苏宁环球,120,2.3
000721,西安饮食,65,8.73
000723,美锦能源,250,4.91
000722,湖南发展,170,11.94
000726,鲁  泰Ａ,120,7.12
000725,京东方Ａ,50,4.03
000729,燕京啤酒,250,12.03
000739,普洛药业,200,16.1
000731,四川美丰,45,7.14
000733,振华科技,30,46.69
000738,航发控制,115,18.84
000735,罗 牛 山,245,6.64
000727,冠捷科技,110,2.59
000728,国元证券,245,8.18
000737,北方铜业,250,14.72
000748,长城信息,200,20.78
000750,国海证券,135,4.22
000751,锌业股份,190,3.89
000753,漳州发展,110,7.23
000759,中百集团,225,7.15
000757,浩物股份,205,4.9
000756,新华制药,30,15.85
000755,山西高速,240,5.28
000762,西藏矿业,170,26.5
000761,本钢板材,30,3.33
000758,中色股份,245,6.46
000763,锦州石化,75,4.17
000766,通化金马,215,20.94
000768,中航西飞,85,24.66
000767,晋控电力,190,2.85
000776,广发证券,200,20.99
000778,新兴铸管,175,4.33
000777,中核科技,250,20.37
000779,甘咨询,175,8.73
000786,北新建材,50,24.8
000782,恒申新材,45,5.41
000785,居然智家,200,2.88
000783,长江证券,210,8.0
000789,万年青,75,5.35
000788,北大医药,30,6.11
000792,盐湖股份,95,24.95
000790,华神科技,30,3.97
000795,英洛华,225,9.92
000791,甘肃能源,250,6.66
000798,中水渔业,130,11.24
000797,中国武夷,50,3.02
000799,酒鬼酒,100,42.69
000796,凯撒旅业,220,5.4
000800,一汽解放,195,6.96
000801,四川九洲,240,15.72
000802,北京文化,30,4.58
000803,山高环能,230,6.68
000807,云铝股份,225,32.79
000810,创维数字,120,11.84
000809,和展能源,250,3.41
000811,冰轮环境,195,16.72
000813,德展健康,215,3.88
000812,陕西金叶,130,4.73
000815,美利云,165,11.96
000816,智慧农业,235,3.66
000817,辽河油田,165,8.68
000819,岳阳兴长,35,16.11
000818,航锦科技,35,21.28
000822,山东海化,35,5.5
000823,超声电子,210,13.89
000825,太钢不锈,170,4.31
000826,启迪环境,100,2.24
000828,东莞控股,250,10.89
000831,中国稀土,230,46.4
000830,鲁西化工,250,15.0
000829,天音控股,210,10.53
000833,粤桂股份,235,20.41
000838,财信发展,35,2.84
000839,国安股份,40,2.62
000837,秦川机床,180,12.44
000848,承德露露,55,8.48
000850,华茂股份,245,4.66
000852,石化机械,185,7.19
000856,冀东装备,235,11.06
000859,国风新材,230,6.34
000861,海印股份,245,1.46
000860,顺鑫农业,165,14.78
000858,五 粮 液,50,117.36
000862,银星能源,250,5.97
000863,三湘印象,45,5.16
000866,扬子石化,55,13.75
000869,张  裕Ａ,60,20.66
000868,安凯客车,250,4.95
000875,电投绿能,250,5.59
000878,云南铜业,80,18.32
000877,天山股份,60,5.3
000883,湖北能源,35,4.59
000882,华联股份,220,2.05
000885,城发环境,250,13.65
000881,中广核技,220,8.4
000876,新 希 望,30,8.65
000880,潍柴重机,245,26.21
000889,中嘉博创,250,3.72
000886,海南高速,250,6.57
000887,中鼎股份,235,20.78
000888,峨眉山Ａ,150,12.81
000890,法尔胜,185,5.23
000893,亚钾国际,200,41.46
000892,欢瑞世纪,175,6.34
000895,双汇发展,145,27.17
000897,津滨发展,70,2.27
000898,鞍钢股份,30,2.54
000899,赣能股份,150,10.67
000901,航天科技,210,22.19
000902,新洋丰,235,15.58
000906,浙商中拓,30,5.97
000900,现代投资,215,4.25
000905,厦门港务,205,10.8
000911,广农糖业,30,7.51
000910,大亚圣象,235,7.44
000912,泸天化,250,4.23
000913,钱江摩托,85,15.86
000915,华特达因,45,32.9
000916,华北高速,175,8.94
000917,电广传媒,240,8.45
000920,沃顿科技,210,12.01
000921,海信家电,60,22.48
000919,金陵药业,35,7.34
000923,河钢资源,230,18.52
000922,佳电股份,40,13.59
000925,众合科技,250,8.33
000926,福星股份,135,2.25
000927,中国铁物,205,2.64
000928,中钢国际,250,6.55
000931,中 关 村,180,5.15
000930,中粮科技,30,5.93
000932,华菱钢铁,225,5.54
000933,神火股份,50,31.39
000935,四川双马,175,27.79
000936,华西股份,90,7.55
000937,冀中能源,85,5.34
000938,紫光股份,105,25.31
000950,重药控股,65,5.33
000949,新乡化纤,200,5.39
000948,南天信息,210,17.77
000951,中国重汽,250,16.84
000953,河化股份,235,7.6
000952,广济药业,35,7.43
000957,中通客车,250,11.51
000955,欣龙控股,195,5.58
000959,首钢股份,180,4.45
000958,电投产融,240,6.71
000960,锡业股份,245,23.92
000956,中原油气,110,11.92
000962,东方钽业,190,27.36
000963,华东医药,180,36.04
000965,天保基建,195,3.93
000969,安泰科技,215,20.1
000966,长源电力,55,4.48
000968,蓝焰控股,195,6.84
000967,盈峰环境,210,6.71
000970,中科三环,240,13.78
000973,佛塑科技,180,12.92
000975,山金国际,185,29.85
000980,众泰汽车,135,3.71
000978,桂林旅游,30,6.71
000981,山子高科,220,4.08
000977,浪潮信息,240,61.94
000982,中银绒业,240,1.3
000983,山西焦煤,30,6.44
000985,大庆华科,205,19.05
000988,华工科技,250,79.6
000987,越秀资本,245,7.35
000989,九芝堂,190,8.83
000990,诚志股份,60,7.87
000993,闽东电力,75,12.09
000995,皇台酒业,230,12.6
000997,新 大 陆,240,25.56
000999,华润三九,55,28.25
001202,炬申股份,220,16.47
001207,联科科技,230,15.62
001201,东瑞股份,35,14.73
001203,大中矿业,235,27.87
001206,依依股份,230,20.94
001208,华菱线缆,250,11.66
001209,洪兴股份,250,20.59
001205,盛航股份,45,17.22
001210,金房能源,145,20.9
001211,双枪科技,235,26.13
001212,中旗新材,250,52.95
001215,千味央厨,40,37.96
001213,中铁特货,35,4.11
001216,华瓷股份,215,16.67
001219,青岛食品,230,14.93
001218,丽臣实业,135,22.85
001217,华尔泰,250,13.06
001222,源飞宠物,205,23.6
001223,欧克科技,165,54.2
001226,拓山重工,230,44.11
001225,和泰机电,200,55.38
001229,魅视科技,250,37.78
001227,兰州银行,80,2.27
001228,永泰运,185,26.26
001230,劲旅环境,225,23.37
001231,农心科技,200,23.76
001234,泰慕士,250,27.85
001236,弘业期货,105,9.9
001239,永达股份,105,16.77
001238,浙江正特,170,49.86
001255,博菲电气,250,36.48
001256,炜冈科技,195,21.48
001259,利仁科技,195,30.66
001260,坤泰股份,215,19.94
001258,立新能源,250,7.53
001267,汇绿生态,185,18.16
001268,联合精密,125,29.02
001266,宏英智能,245,33.67
001277,速达股份,100,40.19
001279,强邦新材,215,34.79
001269,欧晶科技,190,23.54
001278,一彬科技,225,19.06
001282,三联锻造,250,20.71
001283,豪鹏科技,215,71.55
001286,陕西能源,155,9.91
001287,中电港,245,22.66
001288,运机集团,130,29.49
001289,龙源电力,30,15.5
001298,好上好,210,21.03
001300,三柏硕,215,15.13
001299,美能能源,175,13.21
001296,长江材料,250,27.79
001301,尚太科技,170,85.58
001306,夏厦精密,195,66.6
001309,德明利,235,214.01
001308,康冠科技,215,21.85
001311,多利科技,205,31.68
001317,三羊马,250,47.17
001313,粤海饲料,55,7.68
001314,亿道信息,35,45.79
001316,润贝航科,195,34.22
001318,阳光乳业,165,13.52
001319,铭科精技,205,24.88
001324,长青科技,30,19.92
001322,箭牌家居,30,8.26
001323,慕思股份,85,26.85
001326,联域股份,245,50.86
001335,信凯科技,150,53.35
001328,登康口腔,85,35.18
001330,博纳影业,55,6.87
001332,锡装股份,215,52.18
001337,四川黄金,215,26.48
001338,永顺泰,250,12.67
001333,光华股份,175,24.77
001331,胜通能源,250,13.23
001336,楚环科技,220,25.95
001339,智微智能,250,53.13
001356,富岭股份,170,14.25
001358,兴欣新材,245,26.14
001366,播恩集团,250,13.93
001367,海森药业,245,23.99
001360,南矿集团,165,16.15
001373,翔腾新材,40,32.21
001368,通达创智,155,25.79
001382,新亚电缆,250,20.63
001378,德冠新材,235,24.85
001376,百通能源,240,12.55
001379,腾达科技,120,21.37
001380,华纬科技,240,23.28
001391,国货航,160,5.94
001389,广合科技,220,80.19
001390,古麒绒材,90,24.7
001387,雪祺电气,200,13.93
001395,亚联机械,115,43.71
001400,江顺科技,155,62.02
001696,宗申动力,140,21.64
001872,招商港口,115,19.86
001896,豫能控股,215,5.2
001914,招商积余,65,11.29
001965,招商公路,215,9.89
001979,招商蛇口,35,9.38
002003,伟星股份,230,10.17
002001,新 和 成,215,23.83
002004,华邦健康,215,4.88
002007,华兰生物,240,15.25
002006,精工科技,220,17.87
002008,大族激光,125,36.62
002009,天奇股份,95,16.22
002010,传化智联,155,5.7
002016,世荣兆业,145,5.77
002014,永新股份,250,11.3
002015,协鑫能科,245,9.79
002013,中航机电,200,11.29
002012,凯恩股份,200,6.24
002011,盾安环境,50,13.0
002019,亿帆医药,50,12.11
002023,海特高新,250,11.81
002020,京新药业,185,18.14
002021,中捷资源,155,2.66
002025,航天电器,145,44.46
002022,科华生物,40,5.96
002026,山东威达,240,14.93
002028,思源电气,230,207.61
002027,分众传媒,250,7.42
002029,七 匹 狼,245,10.59
002031,巨轮智能,215,7.74
002032,苏 泊 尔,50,43.99
002030,达安基因,35,6.39
002034,旺能环境,205,17.02
002033,丽江股份,60,9.06
002035,华帝股份,55,6.15
002038,双鹭药业,30,7.85
002037,保利联合,250,9.74
002039,黔源电力,140,17.89
002036,联创电子,235,9.94
002040,南 京 港,215,10.13
002041,登海种业,115,9.41
002043,兔 宝 宝,245,13.2
002042,华孚时尚,120,4.43
002044,美年健康,165,5.39
002045,国光电器,105,13.89
002046,国机精工,245,45.99
002049,紫光国微,240,74.67
002050,三花智控,230,44.55
002048,宁波华翔,250,27.5
002053,云南能投,35,11.9
002051,中工国际,220,8.56
002052,同洲电子,200,12.65
002057,中钢天源,190,10.31
002054,德美化工,205,8.49
002059,云南旅游,60,5.09
002061,浙江交科,85,4.02
002056,横店东磁,240,19.09
002060,广东建工,35,3.84
002062,宏润建设,190,8.94
002063,远光软件,30,6.67
002065,东华软件,205,10.1
002067,景兴纸业,230,5.46
002064,华峰化学,235,9.31
002066,瑞泰科技,180,19.28
002069,獐子岛,195,3.8
002068,黑猫股份,220,8.85
002072,凯瑞德,250,7.33
002075,沙钢股份,240,5.56
002073,软控股份,115,8.18
002074,国轩高科,240,36.91
002077,大港股份,130,15.8
002079,苏州固锝,125,9.47
002078,太阳纸业,50,15.12
002083,孚日股份,250,11.84
002080,中材科技,240,32.6
002082,万邦德,250,16.66
002081,金 螳 螂,165,3.36
002085,万丰奥威,70,15.87
002086,东方海洋,30,2.26
002084,海鸥住工,200,3.96
002088,鲁阳节能,35,11.63
002090,金智科技,195,11.89
002091,江苏国泰,225,9.02
002093,国脉科技,240,11.5
002095,生 意 宝,205,18.1
002092,中泰化学,190,4.68
002094,青岛金王,210,7.06
002096,易普力,225,13.33
002098,浔兴股份,240,8.83
002100,天康生物,240,7.37
002097,山河智能,215,10.02
002099,海翔药业,200,6.35
002102,能特科技,200,3.54
002103,广博股份,250,9.75
002101,广东鸿图,70,12.33
002105,信隆健康,175,7.27
002106,莱宝高科,45,11.12
002109,兴化股份,30,3.76
002108,沧州明珠,170,4.9
002104,恒宝股份,225,17.86
002107,沃华医药,170,6.15
002110,三钢闽光,250,4.39
002111,威海广泰,135,9.86
002112,三变科技,215,12.84
002116,中国海诚,30,10.41
002115,三维通信,235,12.16
002117,东港股份,185,11.71
002119,康强电子,240,16.29
002123,梦网科技,165,9.91
002120,韵达股份,40,6.86
002121,科陆电子,135,7.57
002127,南极电商,200,2.79
002125,湘潭电化,250,14.12
002126,银轮股份,220,32.82
002124,天邦食品,220,2.71
002128,电投能源,105,26.35
002129,TCL中环,65,8.74
002130,沃尔核材,220,26.81
002133,广宇集团,165,3.44
002132,恒星科技,235,3.84
002131,利欧股份,190,4.98
002134,天津普林,250,20.02
002135,东南网架,155,4.58
002136,安 纳 达,245,12.59
002137,实益达,235,9.06
002138,顺络电子,250,34.01
002139,拓邦股份,75,12.86
002142,宁波银行,225,27.99
002141,贤丰控股,200,3.7
002140,东华科技,230,12.39
002144,宏达高科,180,13.55
002146,荣盛发展,60,1.64
002145,钛能化学,205,4.92
002148,北纬科技,230,8.75
002149,西部材料,250,17.36
002150,正泰电源,185,20.26
002154,报 喜 鸟,35,3.87
002151,北斗星通,210,29.98
002155,湖南黄金,240,21.03
002156,通富微电,250,37.36
002153,石基信息,190,9.88
002152,广电运通,175,12.6
002159,三特索道,50,15.78
002158,汉钟精机,145,24.31
002157,正邦科技,55,3.15
002160,常铝股份,240,5.09
002161,远 望 谷,245,7.25
002163,海南发展,235,12.6
002162,悦心健康,145,4.72
002164,宁波东力,130,12.72
002165,红 宝 丽,200,7.73
002166,莱茵生物,50,8.89
002170,芭田股份,225,12.87
002167,东方锆业,205,13.03
002169,智光电气,170,7.59
002171,楚江新材,250,11.75
002172,澳洋健康,230,4.26
002174,游族网络,115,11.77
002173,创新医疗,245,21.41
002175,东方智造,245,4.36
002176,江特电机,250,10.03
002177,御银股份,245,7.13
002179,中航光电,30,34.97
002178,延华智能,250,6.57
002183,怡 亚 通,250,5.07
002181,粤 传 媒,160,8.37
002184,海得控制,110,13.07
002182,宝武镁业,235,13.68
002185,华天科技,170,11.01
002186,全 聚 德,160,11.87
002188,中天服务,245,6.24
002187,广百股份,180,6.36
002189,中光学,195,22.72
002180,奔图科技,35,18.46
002190,成飞集成,195,35.97
002191,劲嘉股份,70,3.91
002192,融捷股份,115,54.42
002193,如意集团,90,5.95
002194,武汉凡谷,235,12.11
002195,岩山科技,175,6.85
002198,嘉应制药,35,7.33
002196,方正电机,250,14.3
002197,证通电子,185,9.44
002202,金风科技,230,14.8
002201,九鼎新材,160,7.99
002203,海亮股份,170,11.9
002205,国统股份,175,13.78
002204,大连重工,235,7.09
002206,海 利 得,220,6.14
002209,达 意 隆,240,15.14
002210,飞马国际,170,2.54
002208,合肥城建,245,12.37
002207,准油股份,190,8.08
002213,大为股份,175,27.98
002212,天融信,150,9.12
002216,三全食品,80,11.4
002217,合力泰,185,3.03
002219,新里程,115,2.32
002218,拓日新能,160,4.22
002215,诺 普 信,240,10.35
002221,东华能源,40,8.22
002224,三 力 士,35,4.4
002223,鱼跃医疗,30,35.53
002222,福晶科技,195,69.52
002226,江南化工,250,6.14
002225,濮耐股份,250,5.75
002229,鸿博股份,50,16.39
002228,合兴包装,230,4.45
002230,科大讯飞,225,48.75
002232,启明信息,195,18.85
002236,大华股份,55,18.99
002234,民和股份,30,8.98
002233,塔牌集团,250,8.98
002237,恒邦股份,185,12.91
002238,天威视讯,50,8.41
002235,安妮股份,165,7.31
002240,盛新锂能,245,39.07
002239,奥特佳,120,3.02
002241,歌尔股份,150,29.25
002244,滨江集团,250,10.1
002242,九阳股份,60,10.38
002243,力合科创,230,9.08
002245,蔚蓝锂芯,235,17.89
002246,北化股份,250,19.84
002248,华东数控,200,11.81
002247,聚力文化,240,2.83
002250,联化科技,190,11.9
002251,步步高,230,5.2
002249,大洋电机,250,10.72
002252,上海莱士,30,6.29
002255,海陆重工,250,12.36
002254,泰和新材,55,10.01
002259,升达林业,215,3.79
002256,兆新股份,170,3.71
002258,利尔化学,210,12.94
002263,大东南,245,3.44
002262,恩华药业,125,24.17
002261,拓维信息,220,33.96
002264,新 华 都,235,8.22
002265,建设工业,175,26.88
002267,陕天然气,185,7.97
002266,浙富控股,205,4.14
002269,美邦服饰,140,1.92
002268,电科网安,30,17.2
002270,华明装备,145,27.09
002271,东方雨虹,60,12.82
002272,川润股份,190,14.04
002274,华昌化工,30,6.3
002275,桂林三金,190,14.43
002273,水晶光电,140,24.04
002277,友阿股份,165,7.06
002276,万马股份,250,16.68
002281,光迅科技,245,69.86
002285,世联行,165,2.83
002279,久其软件,235,8.15
002278,神开股份,225,11.19
002283,天润工业,195,6.29
002282,博深股份,205,7.59
002284,亚太股份,215,13.77
002286,保龄宝,245,9.82
002287,奇正藏药,200,24.18
002291,遥望科技,105,6.34
002290,禾盛新材,175,38.55
002292,奥飞娱乐,210,8.77
002293,罗莱生活,230,9.84
002294,信立泰,205,55.83
002295,精艺股份,210,12.29
002296,辉煌科技,245,11.19
002298,中电鑫龙,160,10.4
002297,博云新材,200,8.98
002300,太阳电缆,250,9.47
002302,西部建设,65,6.1
002301,齐心集团,250,6.87
002303,美盈森,190,4.12
002299,圣农发展,240,16.6
002304,洋河股份,240,61.86
002307,北新路桥,160,5.04
002311,海大集团,245,52.72
002309,中利集团,175,2.98
002310,东方新能,235,2.37
002312,川发龙蟒,160,11.33
002314,南山控股,120,2.88
002315,焦点科技,250,32.42
002316,亚联发展,250,5.21
002317,众生药业,160,18.95
002313,日海智能,210,8.62
002318,久立特材,155,24.62
002321,华英农业,200,2.38
002319,乐通股份,35,12.28
002320,海峡股份,205,10.55
002322,理工能科,115,12.57
002324,普利特,250,12.37
002323,雅博股份,135,1.66
002327,富安娜,80,6.69
002326,永太科技,180,24.65
002330,得利斯,85,5.07
002328,新朋股份,230,6.53
002329,皇氏集团,30,3.86
002331,皖通科技,30,8.64
002332,仙琚制药,140,9.07
002334,英威腾,190,9.0
002333,罗普斯金,220,5.43
002337,赛象科技,180,6.14
002335,科华数据,160,61.12
002338,奥普光电,240,50.66
002339,积成电子,215,10.36
002340,格林美,245,7.36
002343,慈文传媒,215,7.49
002344,海宁皮城,230,4.94
002342,巨力索具,125,6.94
002345,潮宏基,245,12.67
002347,泰尔股份,235,7.16
002346,柘中股份,170,17.7
002348,高乐股份,225,5.96
002351,漫步者,240,12.24
002350,北京科锐,240,8.08
002349,精华制药,30,7.64
002352,顺丰控股,230,37.54
002353,杰瑞股份,250,49.72
002355,兴民智通,225,6.05
002354,天娱数科,250,5.64
002356,赫美集团,200,3.47
002358,森源电气,240,5.6
002360,同德化工,30,5.19
002362,汉王科技,100,22.16
002357,富临运业,160,9.92
002363,隆基机械,195,9.05
002365,永安药业,175,14.85
002361,神剑股份,205,6.27
002364,中恒电气,205,23.21
002366,融发核电,230,7.21
002368,太极股份,105,24.26
002367,康力电梯,155,7.96
002371,北方华创,235,472.5
002369,卓翼科技,210,8.63
002370,亚太药业,245,7.12
002372,伟星新材,45,10.37
002373,千方科技,145,10.67
002374,中锐股份,90,3.45
002376,新北洋,175,7.84
002375,亚厦股份,35,4.11
002378,章源钨业,240,12.05
002377,国创高新,250,2.9
002380,科远智慧,230,26.58
002381,双箭股份,35,7.11
002379,宏桥控股,140,29.61
002383,合众思壮,230,9.35
002382,蓝帆医疗,100,5.54
002384,东山精密,235,73.62
002385,大北农,240,4.02
002386,天原股份,175,5.44
002389,航天彩虹,230,21.72
002387,维信诺,115,8.82
002391,长青股份,160,6.19
002390,信邦制药,95,3.33
002388,新亚制程,110,6.02
002394,联发股份,190,13.6
002392,北京利尔,210,7.58
002395,双象股份,245,17.64
002396,星网锐捷,245,29.06
002397,梦洁股份,235,4.0
002398,垒知集团,220,5.82
002393,力生制药,245,21.59
002401,中远海科,140,15.55
002402,和而泰,200,38.8
002399,海普瑞,245,12.34
002400,省广集团,100,8.62
002404,嘉欣丝绸,245,6.89
002406,远东传动,240,8.04
002403,爱仕达,250,12.86
002405,四维图新,170,8.94
002408,齐翔腾达,70,4.83
002407,多氟多,215,28.58
002409,雅克科技,240,89.87
002412,汉森制药,40,6.7
002413,雷科防务,165,5.43
002410,广联达,80,12.68
002415,海康威视,35,30.29
002414,高德红外,240,12.84
002416,爱施德,80,11.85
002418,康盛股份,200,4.7
002419,天虹股份,40,5.73
002420,毅昌科技,240,7.68
002421,达实智能,245,2.94
002422,科伦药业,135,33.91
002423,中粮资本,95,11.89
002425,凯撒文化,185,3.94
002426,胜利精密,245,3.75
002429,兆驰股份,180,6.06
002427,尤夫股份,205,6.42
002430,杭氧股份,240,27.55
002428,云南锗业,245,26.01
002432,九安医疗,230,39.77
002431,棕榈股份,235,2.66
002434,万里扬,205,8.93
002436,兴森科技,225,21.65
002437,誉衡药业,205,3.16
002438,江苏神通,250,16.06
002439,启明星辰,30,15.05
002442,龙星科技,245,6.3
002441,众业达,210,10.01
002443,金洲管道,160,7.97
002444,巨星科技,225,30.26
002445,中南文化,235,2.57
002440,闰土股份,250,7.62
002446,盛路通信,100,8.89
002448,中原内配,210,12.79
002449,国星光电,240,8.82
002451,摩恩电气,225,10.21
002452,长高电新,250,8.02
002454,松芝股份,225,8.76
002453,华软科技,110,6.25
002457,青龙管业,245,10.99
002455,百川股份,35,7.08
002458,益生股份,30,9.11
002456,欧菲光,245,10.57
002459,晶澳科技,60,11.76
002461,珠江啤酒,240,9.48
002460,赣锋锂业,145,62.35
002462,嘉事堂,150,15.34
002463,沪电股份,180,71.16
002465,海格通信,150,11.7
002466,天齐锂业,245,53.33
002467,二六三,245,6.39
002468,申通快递,245,14.22
002470,金正大,185,1.78
002469,三维化学,240,8.33
002472,双环传动,230,38.85
002474,榕基软件,240,7.72
002475,立讯精密,235,57.16
002471,中超控股,240,9.08
002479,富春环保,190,5.36
002476,宝莫股份,180,6.01
002478,常宝股份,100,8.26
002481,双塔食品,250,5.1
002480,新筑股份,160,6.29
002486,嘉麟杰,165,3.08
002483,润邦股份,235,6.96
002482,广田集团,35,1.69
002484,江海股份,230,29.81
002487,大金重工,235,45.31
002489,浙江永强,225,3.78
002488,金固股份,105,11.51
002491,通鼎互联,215,5.17
002490,山东墨龙,150,6.38
002493,荣盛石化,195,9.58
002492,恒基达鑫,155,7.66
002497,雅化集团,130,22.98
002495,佳隆股份,210,2.68
002494,华斯股份,180,5.46
002498,汉缆股份,220,3.69
002501,利源股份,205,1.94
002500,山西证券,135,6.07
002506,协鑫集成,115,2.52
002505,鹏都农牧,250,1.31
002508,老板电器,30,19.47
002507,涪陵榨菜,30,12.85
002510,天汽模,160,7.06
002513,蓝丰生化,200,7.07
002511,中顺洁柔,235,8.31
002514,宝馨科技,105,6.13
002516,旷达科技,220,6.16
002515,金字火腿,230,6.21
002517,恺英网络,180,22.01
002519,银河电子,145,4.59
002521,齐峰新材,120,8.54
002520,日发精机,210,6.02
002518,科士达,245,44.14
002522,浙江众成,170,6.06
002523,天桥起重,190,4.34
002526,山东矿机,240,3.84
002524,光正眼科,35,4.65
002527,新时达,120,16.51
002530,金财互联,210,9.73
002531,天顺风能,50,6.92
002532,天山铝业,120,17.82
002534,西子洁能,190,16.41
002535,林州重机,125,3.94
002533,金杯电工,250,12.98
002536,飞龙股份,220,22.22
002540,亚太科技,240,6.8
002537,海联金汇,245,8.92
002541,鸿路钢构,40,16.18
002539,云图控股,145,11.92
002543,万和电气,250,10.16
002544,普天科技,95,25.47
002547,春兴精工,250,4.67
002545,东方铁塔,200,16.83
002546,新联电子,175,8.96
002548,金新农,250,5.47
002549,凯美特气,105,20.96
002551,尚荣医疗,140,3.85
002553,南方精工,195,27.05
002550,千红制药,110,7.81
002552,宝鼎科技,220,16.86
002554,惠博普,185,3.64
002556,辉隆股份,250,6.04
002555,三七互娱,195,22.39
002558,巨人网络,170,35.59
002557,洽洽食品,245,21.91
002559,亚威股份,45,10.31
002560,通达股份,195,8.37
002562,兄弟科技,240,6.76
002561,徐家汇,50,8.75
002563,森马服饰,45,5.42
002564,天沃科技,245,7.51
002566,益盛药业,90,8.1
002565,顺灏股份,210,7.09
002567,唐人神,250,4.41
002571,德力股份,140,12.09
002568,百润股份,235,17.07
002570,贝因美,170,6.15
002575,群兴玩具,105,6.25
002574,明牌珠宝,250,5.6
002573,清新环境,30,3.79
002572,索菲亚,40,13.62
002577,雷柏科技,185,18.07
002576,通达动力,245,18.23
002578,闽发铝业,120,4.43
002582,好想你,235,9.91
002583,海能达,245,10.87
002580,圣阳股份,190,12.19
002579,中京电子,240,11.62
002585,双星新材,180,6.71
002584,西陇科学,160,8.64
002590,万安科技,55,13.91
002587,奥拓电子,30,6.45
002589,瑞康医药,235,3.29
002588,史丹利,250,9.69
002591,恒大高新,185,6.79
002595,豪迈科技,210,82.79
002593,日上集团,235,5.88
002594,比亚迪,120,94.77
002597,金禾实业,215,20.67
002596,海南瑞泽,220,4.46
002600,领益智造,245,14.91
002599,盛通股份,245,8.06
002602,世纪华通,160,16.77
002601,龙佰集团,50,17.48
002605,姚记科技,245,25.35
002606,大连电瓷,215,8.81
002603,以岭药业,245,17.66
002607,中公教育,60,2.72
002609,捷顺科技,125,9.16
002608,江苏国信,65,7.76
002611,东方精工,250,17.9
002612,朗姿股份,55,20.5
002614,奥佳华,30,7.07
002613,北玻股份,30,3.74
002615,哈尔斯,245,7.69
002616,长青集团,230,5.76
002617,露笑科技,250,8.74
002622,皓宸医疗,220,3.05
002626,金达威,200,18.64
002624,完美世界,220,17.42
002625,光启技术,230,46.45
002623,亚玛顿,230,18.51
002628,成都路桥,130,4.11
002627,三峡旅游,190,6.11
002629,仁智股份,130,6.65
002631,德尔未来,185,5.87
002632,道明光学,235,12.18
002633,申科股份,210,16.59
002634,棒杰股份,230,5.73
002635,安洁科技,65,13.84
002638,勤上股份,220,3.04
002637,赞宇科技,235,10.25
002636,金安国纪,225,15.79
002639,雪人集团,135,19.47
002643,万润股份,250,16.76
002641,公元股份,30,4.33
002642,荣联科技,225,8.56
002640,跨境通,195,3.47
002647,仁东控股,245,6.71
002646,天佑德酒,30,8.84
002644,佛慈制药,215,8.98
002645,华宏科技,250,14.58
002648,卫星化学,105,16.62
002651,利君股份,250,10.93
002649,博彦科技,205,13.33
002652,扬子新材,225,3.93
002653,海思科,230,50.35
002654,万润科技,35,14.32
002659,凯文教育,240,5.09
002657,中科金财,185,27.55
002655,共达电声,250,12.71
002658,雪迪龙,155,8.56
002661,克明食品,190,9.45
002660,茂硕电源,60,9.36
002663,普邦股份,250,2.34
002662,峰璟股份,245,3.97
002666,德联集团,235,5.41
002664,信质集团,190,22.71
002667,威领股份,165,13.58
002668,TCL智家,70,10.04
002670,国盛证券,245,16.28
002669,康达新材,250,13.95
002672,东江环保,110,4.9
002671,龙泉股份,105,5.23
002673,西部证券,90,7.9
002674,兴业科技,45,13.9
002675,东诚药业,30,13.28
002678,珠江钢琴,160,5.17
002676,顺威股份,240,7.94
002679,福建金森,200,11.81
002681,奋达科技,250,6.66
002677,浙江美大,45,7.62
002682,龙洲股份,75,5.99
002683,广东宏大,215,39.55
002690,美亚光电,195,20.25
002685,华东重机,230,7.57
002686,亿利达,230,6.64
002687,乔治白,45,4.94
002688,金河生物,205,6.16
002694,顾地科技,40,3.71
002691,冀凯股份,165,8.61
002692,远程股份,190,5.65
002697,红旗连锁,240,5.65
002695,煌上煌,190,11.81
002696,百洋股份,125,7.06
002698,博实股份,50,16.16
002700,万憬能源,180,6.97
002705,新宝股份,110,14.14
002701,奥瑞金,250,5.37
002702,海欣食品,245,5.58
002703,浙江世宝,175,11.95
002706,良信股份,250,9.89
002708,光洋股份,200,13.67
002707,众信旅游,240,6.95
002712,思美传媒,190,5.28
002709,天赐材料,250,43.46
002714,牧原股份,55,49.68
002718,友邦吊顶,140,28.57
002716,湖南白银,250,6.19
002719,麦趣尔,185,9.22
002715,登云股份,235,17.09
002723,小崧股份,250,8.84
002722,物产金轮,195,16.13
002724,海洋王,85,7.03
002721,金一文化,180,3.34
002726,龙大美食,160,4.19
002725,跃岭股份,250,15.22
002728,特一药业,100,10.98
002727,一心堂,195,13.18
002729,好利科技,130,18.67
002730,电光科技,165,15.7
002733,雄韬股份,190,19.89
002735,王子新材,205,14.48
002734,利民股份,240,17.53
002732,燕塘乳业,50,17.41
002738,中矿资源,165,82.95
002737,葵花药业,155,14.87
002736,国信证券,245,12.66
002739,儒意电影,35,11.11
002741,光华科技,225,20.76
002743,富煌钢构,215,5.46
002745,木林森,50,8.69
002747,埃斯顿,245,21.78
002746,仙坛股份,45,6.11
002748,世龙实业,225,12.58
002752,昇兴股份,240,6.71
002753,永东股份,170,7.19
002749,国光股份,85,13.98
002755,奥赛康,230,16.43
002756,永兴材料,165,46.1
002760,凤形股份,185,21.49
002759,天际股份,220,34.28
002757,南兴股份,180,16.99
002758,浙农股份,30,9.79
002763,汇洁股份,120,7.37
002765,蓝黛科技,210,11.8
002761,浙江建投,165,8.36
002766,索菱股份,115,5.29
002769,普路通,215,11.88
002767,先锋电子,250,19.91
002771,真视通,250,15.8
002768,国恩股份,220,51.14
002773,康弘药业,160,30.75
002772,众兴菌业,155,14.47
002774,快意电梯,235,11.23
002777,久远银海,35,18.29
002778,中晟高科,205,21.65
002779,中坚科技,250,113.34
002782,可立克,160,17.86
002780,三夫户外,190,14.89
002775,文科股份,200,4.42
002783,凯龙股份,65,9.56
002785,万里石,215,35.04
002788,鹭燕医药,250,8.37
002786,银宝山新,35,8.56
002790,瑞尔特,50,7.66
002787,华源控股,155,12.24
002791,坚朗五金,235,21.59
002793,罗欣药业,65,4.9
002792,通宇通讯,240,18.42
002795,永和智控,250,7.85
002797,第一创业,250,6.92
002801,微光股份,185,33.13
002796,世嘉科技,235,19.84
002798,帝欧水华,215,6.42
002799,环球印务,190,8.22
002800,天顺股份,245,15.33
002802,洪汇新材,205,13.19
002803,吉宏股份,215,16.4
002806,华锋股份,250,12.42
002805,丰元股份,165,16.55
002809,红墙股份,140,10.71
002811,郑中设计,230,12.7
002807,江阴银行,205,4.57
002810,山东赫达,130,12.86
002812,恩捷股份,90,61.45
002815,崇达技术,245,13.68
002813,路畅科技,245,26.19
002817,黄山胶囊,190,8.12
002819,东方中科,40,27.0
002821,凯莱英,95,95.07
002818,富森美,230,11.26
002820,桂发祥,230,12.13
002824,和胜股份,220,19.1
002827,高争民爆,240,37.11
002825,纳尔股份,250,10.94
002823,凯中精密,195,15.53
002829,星网宇达,120,26.46
002828,贝肯能源,210,11.62
002826,易明医药,190,17.98
002830,名雕股份,175,21.0
002831,裕同科技,60,28.89
002832,比音勒芬,185,15.07
002833,弘亚数控,50,17.99
002837,英维克,250,99.13
002835,同为股份,50,17.2
002836,新宏泽,205,14.89
002839,张家港行,250,4.54
002838,道恩股份,235,24.39
002841,视源股份,65,38.76
002842,翔鹭钨业,205,11.33
002840,华统股份,45,9.57
002843,泰嘉股份,240,20.0
002845,同兴达,50,14.17
002846,英联股份,235,15.67
002851,麦格米特,235,70.56
002849,威星智能,155,14.18
002856,美芝股份,65,11.74
002852,道道全,245,10.52
002847,盐津铺子,245,69.44
002853,皮阿诺,210,11.93
002850,科达利,240,156.38
002857,三晖电气,230,20.37
002855,捷荣技术,240,16.42
002858,力盛体育,160,15.16
002860,星帅尔,200,13.51
002859,洁美科技,220,28.73
002861,瀛通通讯,245,19.37
002862,实丰文化,250,18.51
002863,今飞凯达,190,5.84
002867,周大生,50,12.16
002864,盘龙药业,235,31.23
002866,传艺科技,225,18.92
002865,钧达股份,190,42.0
002869,金溢科技,190,22.9
002870,香山股份,195,39.59
002871,伟隆股份,220,15.53
002876,三利谱,130,23.94
002873,新天药业,50,10.42
002875,安奈儿,245,17.54
002877,智能自控,30,9.24
002880,卫光生物,45,26.03
002881,美格智能,225,46.14
002878,元隆雅图,250,17.39
002879,长缆科技,210,17.09
002884,凌霄泵业,215,17.74
002882,金龙羽,215,30.67
002883,中设股份,215,10.93
002886,沃特股份,195,22.93
002885,京泉华,190,25.98
002887,绿茵生态,250,9.28
002888,惠威科技,170,18.65
002889,东方嘉盛,235,15.04
002891,中宠股份,230,52.35
002892,科力尔,215,12.48
002890,弘宇股份,250,14.53
002893,京能热力,35,11.38
002895,川恒股份,220,38.22
002896,中大力德,195,83.29
002897,意华股份,245,53.42
002901,大博医疗,170,49.37
002899,英派斯,230,31.85
002900,哈三联,190,13.04
002902,铭普光磁,65,21.04
002906,华阳集团,30,31.07
002903,宇环数控,250,24.32
002907,华森制药,200,15.11
002910,庄园牧场,160,10.66
002908,德生科技,45,10.01
002909,集泰股份,180,6.62
002911,佛燃能源,205,11.61
002913,奥士康,235,41.94
002912,中新赛克,140,30.56
002905,金逸影视,175,9.91
002916,深南电路,195,230.14
002915,中欣氟材,215,22.47
002917,金奥博,220,13.3
002918,蒙娜丽莎,50,13.98
002919,名臣健康,250,22.58
002921,联诚精密,220,23.54
002920,德赛西威,45,106.26
002922,伊戈尔,250,30.43
002923,润都股份,245,12.29
002925,盈趣科技,200,20.21
002926,华西证券,240,9.31
002927,泰永长征,230,20.39
002928,华夏航空,250,10.89
002930,宏川智慧,235,10.95
002929,润建股份,100,44.35
002931,锋龙股份,235,15.01
002935,天奥电子,245,17.57
002933,新兴装备,185,33.61
002936,郑州银行,90,1.94
002938,鹏鼎控股,245,49.93
002939,长城证券,215,10.02
002940,昂利康,250,32.26
002942,新农股份,155,19.4
002937,兴瑞科技,250,18.24
002941,新疆交建,125,16.32
002943,宇晶股份,220,33.71
002946,新乳业,245,18.0
002945,华林证券,135,15.66
002947,恒铭达,200,43.6
002948,青岛银行,200,5.24
002949,华阳国际,165,15.46
002951,金时科技,240,14.48
002950,奥美医疗,225,11.26
002952,亚世光电,85,19.94
002953,日丰股份,160,11.54
002956,西麦食品,250,27.26
002957,科瑞技术,210,19.63
002958,青农商行,235,3.13
002955,鸿合科技,210,27.26
002959,小熊电器,30,43.9
002960,青鸟智控,55,10.91
002962,五方光电,40,14.74
002961,瑞达期货,180,22.93
002963,豪尔赛,125,14.78
002967,广电计量,240,20.75
002965,祥鑫科技,215,37.05
002966,苏州银行,250,8.1
002968,新大正,115,12.43
002969,嘉美包装,225,3.42
002970,锐明技术,250,48.81
002972,科安达,230,12.48
002971,和远气体,250,29.78
002973,侨银股份,190,14.08
002975,博杰股份,235,76.16
002976,瑞玛精密,195,28.04
002978,安宁股份,50,31.86
002979,雷赛智能,245,39.93
002980,华盛昌,245,22.08
002981,朝阳科技,225,29.09
002983,芯瑞达,245,20.2
002982,湘佳股份,140,13.93
002986,宇新股份,85,10.69
002984,森麒麟,50,20.86
002988,豪美新材,220,36.71
002985,北摩高科,225,28.12
002987,京北方,225,18.88
002989,中天精装,250,26.6
002991,甘源食品,110,59.62
002990,盛视科技,155,28.26
002992,宝明科技,45,53.58
002993,奥海科技,235,42.82
002995,天地在线,125,17.17
002996,顺博合金,180,7.79
002997,瑞鹄模具,245,34.94
002998,优彩资源,245,7.64
002999,天禾股份,45,6.87
003001,中岩大地,235,19.84
003000,劲仔食品,90,11.46
003003,天元股份,175,13.12
003002,壶化股份,245,26.7
003005,竞业达,220,20.02
003007,直真科技,130,43.56
003008,开普检测,220,22.03
003006,百亚股份,250,21.06
003009,中天火箭,115,68.21
003010,若羽臣,240,35.43
003011,海象新材,250,23.1
003012,东鹏控股,65,6.78
003013,地铁设计,40,14.92
003015,日久光电,225,15.87
003016,欣贺股份,160,8.97
003018,金富科技,160,17.55
003017,大洋生物,180,32.5
003022,联泓新科,200,20.18
003021,兆威机电,250,101.51
003023,彩虹集团,210,23.94
003019,宸展光电,245,31.81
003026,中晶科技,105,34.24
003025,思进智能,230,14.26
003028,振邦智能,250,30.55
003031,中瓷电子,130,73.6
003027,同兴科技,240,22.75
003029,吉大正元,40,25.09
003030,祖名股份,200,20.49
003033,征和工业,130,59.09
003020,立方制药,250,27.77
003035,南网能源,240,4.58
003037,三和管桩,185,7.68
003039,顺控发展,60,13.94
003036,泰坦股份,250,16.46
003038,鑫铂股份,40,15.75
003040,楚天龙,130,16.05
003041,真爱美家,210,57.31
003042,中农联合,90,17.31
003043,华亚智能,205,49.21
003816,中国广核,145,3.85
603216,梦天家居,230,15.58
